date,time,id,Temp,Humidity,CO2,TVOC,PM1,PM2.5,PM10,fan_action,filter_action
08/10/2022,18:07:33,7,26.24437,78.862,50.38827,19,6,8,8,,
08/10/2022,18:07:33,11,27.12558,77.59094,435.161,15,7,10,10,,
08/10/2022,18:07:33,1,26.9707,75.21362,333.1526,11,5,7,7,,
08/10/2022,18:07:33,,0,0,0,0,0,0,0,-1,-1
08/10/2022,18:07:38,7,26.27375,78.90778,48.7069,19,6,8,8,,
08/10/2022,18:07:38,11,27.13893,77.65045,435.4262,15,7,10,10,,
08/10/2022,18:07:38,1,27.01343,75.41199,332.5538,11,5,7,7,,
08/10/2022,18:07:43,7,26.52476,80.79376,643.7675,89,6,8,8,,
08/10/2022,18:07:43,11,27.12558,77.64893,435.4462,15,7,10,10,,
08/10/2022,18:07:43,1,27.04013,75.31586,332.1215,11,5,7,7,,
08/10/2022,18:07:48,7,26.31647,78.66058,47.92584,19,6,8,8,,
08/10/2022,18:07:48,11,27.1683,77.68707,435.1247,15,7,10,10,,
08/10/2022,18:07:48,1,27.01343,75.31891,331.9847,11,5,7,7,,
08/10/2022,18:07:48,,27.13893,80.79376,643.7675,89,7,10,10,-1,-1
08/10/2022,18:08:03,7,26.32983,78.46832,47.5625,19,6,8,8,,
08/10/2022,18:08:03,11,27.18166,77.79236,434.4265,15,7,10,10,,
08/10/2022,18:08:03,1,27.01343,75.57526,332.6445,11,5,7,7,,
08/10/2022,18:08:03,,0,0,0,0,0,0,0,-1,-1
08/10/2022,18:08:08,7,26.55146,79.62189,678.3431,61,8,11,11,,
08/10/2022,18:08:08,11,27.18166,77.83203,433.5914,15,7,10,10,,
08/10/2022,18:08:08,1,27.04013,75.21362,332.2011,11,5,7,7,,
08/10/2022,18:08:13,7,26.35653,78.38593,47.74623,19,6,8,8,,
08/10/2022,18:08:13,11,27.2404,77.76947,433.2222,15,7,10,10,,
08/10/2022,18:08:13,1,27.0695,75.49286,332.6049,11,5,7,7,,
08/10/2022,18:08:28,7,26.42863,78.60107,44.71924,19,6,8,8,,
08/10/2022,18:08:28,11,27.2404,77.97546,432.959,15,7,10,10,,
08/10/2022,18:08:28,1,27.05615,75.71411,371.5574,12,4,6,6,,
08/10/2022,18:08:28,,27.2404,79.62189,678.3431,61,8,11,11,-1,-1
08/10/2022,18:08:33,7,26.65026,80.41382,636.0211,61,6,8,8,,
08/10/2022,18:08:33,11,27.26978,78.05786,432.7577,15,7,10,10,,
08/10/2022,18:08:33,1,27.08286,75.8316,358.0546,12,7,10,10,,
08/10/2022,18:08:38,7,26.66628,80.47791,633.2183,61,6,8,8,,
08/10/2022,18:08:38,11,27.26978,78.06702,432.6085,15,7,10,10,,
08/10/2022,18:08:38,1,27.0695,75.89264,361.4638,12,8,11,11,,
08/10/2022,18:08:43,7,26.69566,80.30548,634.0248,61,6,8,8,,
08/10/2022,18:08:43,11,27.28313,78.0426,431.8872,15,7,10,10,,
08/10/2022,18:08:43,1,27.0695,75.85602,357.8831,12,8,11,11,,
08/10/2022,18:08:43,,27.26978,80.47791,636.0211,61,8,11,11,-1,-1
08/10/2022,18:08:48,7,26.46868,78.38287,46.34144,19,6,8,8,,
08/10/2022,18:08:48,11,27.28313,78.19977,432.4077,15,7,10,10,,
08/10/2022,18:08:48,1,27.08286,75.82245,356.638,12,8,11,11,,
08/10/2022,18:09:23,4,27.08286,76.25732,411.4428,14,6,8,8,,
08/10/2022,18:09:23,7,26.45533,79.5166,47.35917,19,6,9,9,,
08/10/2022,18:09:23,11,27.30984,78.44238,432.2535,15,6,9,9,,
08/10/2022,18:09:23,,27.28313,78.38287,432.4077,19,8,11,11,-1,-1
08/10/2022,18:09:28,4,27.08286,76.20239,365.3889,14,7,10,10,,
08/10/2022,18:09:28,7,26.44198,79.4632,47.75326,19,6,8,8,,
08/10/2022,18:09:28,11,27.32586,78.37219,430.6762,15,6,9,9,,
08/10/2022,18:09:33,4,27.08286,76.16577,366.1134,14,8,11,11,,
08/10/2022,18:09:33,7,26.4847,79.29688,48.40391,19,6,8,8,,
08/10/2022,18:09:33,11,27.38194,78.36456,430.7644,15,7,10,10,,
08/10/2022,18:09:38,4,27.09621,76.02997,360.9507,14,6,8,8,,
08/10/2022,18:09:38,7,26.46868,79.76532,49.32576,19,6,8,8,,
08/10/2022,18:09:38,11,27.38194,78.30963,431.0157,15,7,10,10,,
08/10/2022,18:09:38,,27.38194,79.4632,430.7644,19,8,11,11,-1,-1
08/10/2022,18:09:43,4,27.11223,75.97809,354.0417,14,6,8,8,,
08/10/2022,18:09:43,7,26.46868,79.62799,48.91827,19,6,8,8,,
08/10/2022,18:09:43,11,27.40864,78.41949,430.3687,15,7,10,10,,
08/10/2022,18:09:48,4,27.15495,76.15356,350.6871,14,6,8,8,,
08/10/2022,18:09:48,7,26.45533,79.68292,48.88541,19,6,8,8,,
08/10/2022,18:09:48,11,27.42199,78.44238,429.1494,15,6,9,9,,
08/10/2022,18:09:53,4,27.1683,76.49078,349.1016,14,6,8,8,,
08/10/2022,18:09:53,7,26.77844,79.49066,666.628,64,8,11,11,,
08/10/2022,18:09:53,11,27.45136,78.39508,428.2495,15,6,9,9,,
08/10/2022,18:09:53,,27.42199,79.68292,430.3687,19,7,10,10,-1,-1
08/10/2022,18:09:58,4,27.15495,76.43127,347.5109,14,6,8,8,,
08/10/2022,18:09:58,7,26.75174,79.20074,658.603,64,8,11,11,,
08/10/2022,18:09:58,11,27.46471,78.26691,428.4314,15,7,10,10,,
08/10/2022,18:10:03,4,27.18166,76.57776,346.6702,14,6,8,8,,
08/10/2022,18:10:03,7,26.44198,80.21393,47.92624,19,6,8,8,,
08/10/2022,18:10:03,11,27.48074,78.0899,429.2332,15,6,9,9,,
08/10/2022,18:10:08,4,27.2137,76.4267,347.1749,14,6,8,8,,
08/10/2022,18:10:08,7,26.80782,79.12445,645.9251,64,8,11,11,,
08/10/2022,18:10:08,11,27.49409,78.04871,429.6115,15,6,9,9,,
08/10/2022,18:10:08,,27.48074,80.21393,658.603,64,8,11,11,-1,-1
08/10/2022,18:10:13,4,27.2404,76.37634,345.2497,14,5,7,7,,
08/10/2022,18:10:13,7,26.85054,78.99017,644.8431,64,8,11,11,,
08/10/2022,18:10:13,11,27.46471,78.19977,430.3961,15,6,9,9,,
08/10/2022,18:10:18,4,27.22705,76.46484,343.83,14,6,8,8,,
08/10/2022,18:10:18,7,26.4847,80.11627,47.47548,19,6,8,8,,
08/10/2022,18:10:18,11,27.43801,78.23029,430.3107,15,6,8,8,,
08/10/2022,18:10:23,4,27.2404,76.61896,344.2681,14,6,8,8,,
08/10/2022,18:10:23,7,26.52476,79.91028,47.7555,19,6,8,8,,
08/10/2022,18:10:23,11,27.48074,78.12958,430.4995,15,6,8,8,,
08/10/2022,18:10:23,,27.46471,80.11627,644.8431,64,8,11,11,-1,-1
08/10/2022,18:10:28,4,27.25376,76.41754,343.9627,14,5,7,7,,
08/10/2022,18:10:28,7,26.52476,79.80042,47.62413,19,6,8,8,,
08/10/2022,18:10:28,11,27.45136,78.27148,432.0917,15,6,8,8,,
08/10/2022,18:10:33,4,27.25376,76.17645,342.3131,14,5,7,7,,
08/10/2022,18:10:33,7,26.51141,79.86603,47.43589,19,6,8,8,,
08/10/2022,18:10:33,11,27.43801,78.37219,432.212,15,6,8,8,,
08/10/2022,18:10:38,4,27.29649,76.25275,341.707,14,5,7,7,,
08/10/2022,18:10:38,7,26.52476,79.9469,48.07306,19,6,8,8,,
08/10/2022,18:10:38,11,27.43801,78.5202,433.3343,15,6,8,8,,
08/10/2022,18:10:38,,27.45136,79.86603,432.212,19,6,8,8,-1,-1
08/10/2022,18:10:43,4,27.28313,76.40533,341.783,14,5,7,7,,
08/10/2022,18:10:43,7,26.55413,79.75006,47.66824,19,6,8,8,,
08/10/2022,18:10:43,11,27.43801,78.53851,432.662,15,6,9,9,,
08/10/2022,18:10:43,1,26.91997,78.9093,633.597,83,7,10,10,,
08/10/2022,18:10:48,4,27.29649,76.41754,341.0553,14,5,7,7,,
08/10/2022,18:10:48,7,26.62356,79.53949,48.00128,19,6,8,8,,
08/10/2022,18:10:48,11,27.45136,78.46832,433.0783,15,6,9,9,,
08/10/2022,18:10:48,1,26.89059,78.93066,707.7256,83,7,10,10,,
08/10/2022,18:10:53,4,27.31251,76.47858,340.5571,14,5,7,7,,
08/10/2022,18:10:53,7,26.63958,79.33502,47.04444,19,6,8,8,,
08/10/2022,18:10:53,11,27.48074,78.52936,432.8611,15,6,9,9,,
08/10/2022,18:10:53,,27.45136,79.75006,707.7256,83,7,10,10,-1,-1
08/10/2022,18:10:58,4,27.29649,76.5564,339.5701,14,5,7,7,,
08/10/2022,18:10:58,7,26.63958,79.4632,47.4978,19,6,8,8,,
08/10/2022,18:10:58,11,27.48074,78.5141,431.7783,15,7,10,10,,
08/10/2022,18:11:03,4,27.31251,76.58844,339.2046,14,5,7,7,,
08/10/2022,18:11:03,7,26.65293,79.37927,48.61299,19,6,9,9,,
08/10/2022,18:11:03,11,27.50744,78.63922,431.9915,15,7,10,10,,
08/10/2022,18:11:08,4,27.32586,76.45416,339.0789,14,5,7,7,,
08/10/2022,18:11:08,7,26.65293,79.06342,48.72693,19,6,9,9,,
08/10/2022,18:11:08,11,27.49409,78.6377,431.6697,15,7,10,10,,
08/10/2022,18:11:08,,27.50744,79.4632,431.9915,19,7,10,10,-1,-1
08/10/2022,18:11:13,4,27.31251,76.3855,337.726,14,5,7,7,,
08/10/2022,18:11:13,7,26.69833,79.45862,47.95626,19,6,9,9,,
08/10/2022,18:11:13,11,27.55016,78.3905,430.6382,15,6,9,9,,
08/10/2022,18:11:13,1,26.91997,79.78363,607.5154,81,6,8,8,,
08/10/2022,18:11:18,4,27.33921,76.53809,337.0252,14,5,7,7,,
08/10/2022,18:11:18,7,26.71168,79.67834,48.24112,19,6,8,8,,
08/10/2022,18:11:18,11,27.56351,78.45917,431.0934,15,6,9,9,,
08/10/2022,18:11:18,1,26.96269,79.83398,678.3903,81,6,8,8,,
08/10/2022,18:11:23,4,27.33921,76.64185,336.7467,14,5,7,7,,
08/10/2022,18:11:23,7,26.69833,79.51813,44.58882,19,6,8,8,,
08/10/2022,18:11:23,11,27.57687,78.45154,431.2875,15,6,9,9,,
08/10/2022,18:11:23,1,26.9894,79.96063,653.795,81,6,8,8,,
08/10/2022,18:11:23,,27.56351,79.83398,678.3903,81,6,9,9,-1,-1
08/10/2022,18:11:28,4,27.35256,76.54114,336.7121,14,5,7,7,,
08/10/2022,18:11:28,7,26.73838,79.20227,42.20692,19,6,8,8,,
08/10/2022,18:11:28,11,27.56351,78.45917,431.3921,15,6,9,9,,
08/10/2022,18:11:28,1,26.96269,79.89349,654.6417,81,6,9,9,,
08/10/2022,18:11:33,4,27.35256,76.56097,336.0808,14,5,7,7,,
08/10/2022,18:11:33,7,26.75441,78.84979,41.41816,19,6,8,8,,
08/10/2022,18:11:33,11,27.60624,78.30048,431.3138,15,6,8,8,,
08/10/2022,18:11:33,1,26.94667,79.26025,654.9697,81,6,8,8,,
08/10/2022,18:11:39,4,27.38194,76.80817,335.9372,14,5,7,7,,
08/10/2022,18:11:39,7,26.79446,78.61176,41.69907,19,6,8,8,,
08/10/2022,18:11:39,11,27.61959,78.28522,430.6355,15,6,9,9,,
08/10/2022,18:11:39,1,27.00275,79.37164,655.4243,81,6,8,8,,
08/10/2022,18:11:39,,27.60624,79.89349,654.9697,81,6,9,9,-1,-1
08/10/2022,18:11:44,4,27.38194,76.87225,335.1959,14,5,7,7,,
08/10/2022,18:11:44,7,26.76776,78.45917,43.24073,19,6,8,8,,
08/10/2022,18:11:44,11,27.57687,78.45154,430.372,15,6,9,9,,
08/10/2022,18:11:44,1,27.01877,79.70123,654.4426,81,6,8,8,,
08/10/2022,18:11:49,4,27.39529,76.71967,334.9958,14,5,7,7,,
08/10/2022,18:11:49,7,26.81049,78.3905,45.21399,19,6,8,8,,
08/10/2022,18:11:49,11,27.59289,78.59802,430.5266,15,6,8,8,,
08/10/2022,18:11:49,1,27.04547,79.79736,657.4785,81,6,8,8,,
08/10/2022,18:11:54,4,27.38194,76.62506,333.9176,14,5,7,7,,
08/10/2022,18:11:54,7,26.85054,78.28064,45.25507,19,6,9,9,,
08/10/2022,18:11:54,11,27.60624,78.7674,430.5692,15,6,9,9,,
08/10/2022,18:11:54,1,27.05882,79.73175,657.9554,81,6,8,8,,
08/10/2022,18:11:54,,27.59289,79.79736,657.4785,81,6,9,9,-1,-1
08/10/2022,18:11:59,4,27.42466,76.71661,333.0479,14,5,7,7,,
08/10/2022,18:11:59,7,26.83719,78.05176,46.59997,19,6,8,8,,
08/10/2022,18:11:59,11,27.64896,78.64838,429.8093,15,6,9,9,,
08/10/2022,18:11:59,1,27.05882,79.57306,650.5469,81,6,8,8,,
08/10/2022,18:12:50,1,27.187,79.14276,628.0996,81,6,9,9,,
08/10/2022,18:12:50,11,27.71839,78.44086,428.9932,15,6,8,8,,
08/10/2022,18:12:50,4,27.42466,77.21558,333.3481,14,6,8,8,,
08/10/2022,18:12:50,7,26.96269,78.31879,54.37329,19,6,8,8,,
08/10/2022,18:14:15,7,27.20569,77.27966,60.68016,19,6,8,8,,
08/10/2022,18:14:15,4,27.56351,77.4353,332.9622,14,5,7,7,,
08/10/2022,18:14:15,11,27.87595,78.0304,426.4453,15,7,10,10,,
08/10/2022,18:14:15,1,27.27245,78.98712,631.5213,81,7,10,10,,
08/10/2022,18:14:20,7,27.21904,77.43988,60.21242,19,6,9,9,,
08/10/2022,18:14:20,4,27.60624,77.38037,333.3125,14,5,7,7,,
08/10/2022,18:14:20,11,27.87595,77.97394,425.4917,15,7,10,10,,
08/10/2022,18:14:20,1,27.27245,79.67682,631.5748,81,7,10,10,,
08/10/2022,18:14:25,7,27.18967,77.6825,58.0439,19,6,9,9,,
08/10/2022,18:14:25,4,27.61959,77.40326,333.3604,14,5,7,7,,
08/10/2022,18:14:25,11,27.90265,77.88696,425.5452,15,7,10,10,,
08/10/2022,18:14:25,1,27.30183,79.84161,633.8591,81,7,10,10,,
08/10/2022,18:14:30,7,27.23239,77.73285,57.21844,19,6,9,9,,
08/10/2022,18:14:30,4,27.63561,77.43378,332.8243,14,5,7,7,,
08/10/2022,18:14:30,11,27.91867,78.08533,424.9931,15,7,10,10,,
08/10/2022,18:14:30,1,27.30183,79.70428,633.2096,81,7,10,10,,
08/10/2022,18:14:30,,27.90265,79.84161,633.8591,81,7,10,10,-1,-1
08/10/2022,18:14:35,7,27.24841,77.75574,55.80188,19,6,9,9,,
08/10/2022,18:14:35,4,27.63561,77.84271,332.8326,14,5,7,7,,
08/10/2022,18:14:35,11,27.93202,78.09906,424.6961,15,7,10,10,,
08/10/2022,18:14:35,1,27.22972,79.16412,631.1373,81,7,10,10,,
08/10/2022,18:14:40,7,27.28848,77.61688,55.24297,19,6,9,9,,
08/10/2022,18:14:40,4,27.60624,77.75116,332.6954,14,5,7,7,,
08/10/2022,18:14:40,11,27.93202,78.08075,425.2022,15,7,10,10,,
08/10/2022,18:14:40,1,27.27245,79.05426,630.851,81,7,10,10,,
08/10/2022,18:14:45,7,27.28848,77.64587,54.02047,19,7,10,10,,
08/10/2022,18:14:45,11,27.95873,78.09753,423.8023,15,7,10,10,,
08/10/2022,18:14:45,4,27.61959,77.67181,333.129,14,5,7,7,,
08/10/2022,18:14:45,1,27.30183,79.10156,631.6169,81,7,10,10,,
08/10/2022,18:14:45,,27.93202,79.16412,631.1373,81,7,10,10,-1,-1
08/10/2022,18:14:50,7,27.27512,77.76337,52.91522,19,7,10,10,,
08/10/2022,18:14:50,11,27.9881,78.02887,422.5617,15,7,10,10,,
08/10/2022,18:14:50,1,27.30183,79.13208,633.736,81,7,10,10,,
08/10/2022,18:14:55,7,27.27512,77.96021,50.3749,19,7,10,10,,
08/10/2022,18:14:55,11,28.03082,77.91595,423.4803,15,7,10,10,,
08/10/2022,18:14:55,4,27.66232,77.22015,332.7878,14,5,7,7,,
08/10/2022,18:14:55,1,27.2858,78.85284,634.0144,81,7,10,10,,
08/10/2022,18:15:00,7,27.3045,77.87933,48.64394,19,6,9,9,,
08/10/2022,18:15:00,11,28.05753,78.01971,422.3769,15,7,10,10,,
08/10/2022,18:15:00,4,27.61959,77.05078,332.4953,14,5,7,7,,
08/10/2022,18:15:00,1,27.34188,78.65753,632.7018,81,7,10,10,,
08/10/2022,18:15:00,,28.03082,79.13208,634.0144,81,7,10,10,-1,-1
08/10/2022,18:15:05,7,27.31785,77.67334,48.11026,19,7,10,10,,
08/10/2022,18:15:05,11,28.0869,77.92969,422.1319,15,7,10,10,,
08/10/2022,18:15:05,4,27.63561,77.13776,332.626,14,5,7,7,,
08/10/2022,18:15:05,1,27.3579,78.63312,631.4905,81,7,10,10,,
08/10/2022,18:15:10,7,27.31785,77.62604,47.08504,19,7,10,10,,
08/10/2022,18:15:10,11,28.07088,77.82288,423.3797,15,7,10,10,,
08/10/2022,18:15:10,4,27.67834,77.09503,332.4694,14,5,7,7,,
08/10/2022,18:15:10,1,27.38461,78.48206,630.4286,81,7,10,10,,
08/10/2022,18:15:15,7,27.31785,77.67334,47.29793,19,7,10,10,,
08/10/2022,18:15:15,11,28.05753,77.81067,424.0551,15,7,10,10,,
08/10/2022,18:15:15,4,27.67834,77.13165,332.4776,14,5,7,7,,
08/10/2022,18:15:15,1,27.39796,78.0899,630.9648,81,7,10,10,,
08/10/2022,18:15:15,,28.0869,78.63312,631.4905,81,7,10,10,-1,-1
08/10/2022,18:15:20,7,27.3312,77.50854,45.85616,19,7,10,10,,
08/10/2022,18:15:20,11,28.05753,77.83203,425.8092,15,91,168,244,,
08/10/2022,18:15:20,4,27.69169,77.15149,332.5447,14,5,7,7,,
08/10/2022,18:15:20,1,27.41398,78.02429,631.1392,81,6,9,9,,
08/10/2022,18:15:25,7,27.34455,77.56195,44.5863,19,7,10,10,,
08/10/2022,18:15:25,11,28.04417,77.91138,425.0544,15,28,44,79,,
08/10/2022,18:15:25,4,27.71839,76.9455,332.6734,14,5,7,7,,
08/10/2022,18:15:25,1,27.38461,78.00751,633.1681,81,6,8,8,,
08/10/2022,18:15:30,7,27.3312,77.65808,43.37458,19,204,143,51,,
08/10/2022,18:15:30,11,28.05753,78.17688,426.1488,15,177,82,170,,
08/10/2022,18:15:30,4,27.70504,76.97144,333.0886,14,5,7,7,,
08/10/2022,18:15:30,1,27.38461,78.01666,633.7839,81,6,9,9,,
08/10/2022,18:15:30,,28.05753,78.02429,633.1681,81,91,168,244,1,1
08/10/2022,18:15:35,7,27.27512,77.76337,44.33052,19,204,143,51,,
08/10/2022,18:15:35,11,28.07088,78.30353,426.8471,15,88,162,229,,
08/10/2022,18:15:35,4,27.71839,77.05536,332.6349,14,5,7,7,,
08/10/2022,18:15:35,1,27.42733,78.03955,633.7794,81,6,8,8,,
08/10/2022,18:15:40,7,27.28848,78.07159,43.93366,19,204,143,51,,
08/10/2022,18:15:40,11,28.04417,78.2486,426.8367,15,6,8,8,,
08/10/2022,18:15:40,4,27.70504,76.97144,333.2457,14,5,7,7,,
08/10/2022,18:15:40,1,27.41398,78.26233,632.4485,81,6,9,9,,
08/10/2022,18:15:45,7,27.3045,78.45459,44.70748,19,204,143,51,,
08/10/2022,18:15:45,11,28.03082,78.21808,428.4305,15,226,185,194,,
08/10/2022,18:15:45,4,27.73441,76.91345,332.0354,14,5,7,7,,
08/10/2022,18:15:45,1,27.42733,78.80859,632.9048,81,6,8,8,,
08/10/2022,18:15:45,,28.07088,78.30353,633.7794,81,204,162,229,1,1
08/10/2022,18:15:51,7,27.34455,78.41492,44.15444,19,204,143,51,,
08/10/2022,18:15:51,11,28.07088,78.23639,428.1731,15,110,205,85,,
08/10/2022,18:15:51,4,27.74776,76.92566,331.8546,14,5,7,7,,
08/10/2022,18:15:51,1,27.44068,79.05884,631.6822,81,6,9,9,,
08/10/2022,18:15:56,7,27.3312,78.28064,45.11049,19,204,143,51,,
08/10/2022,18:15:56,11,28.07088,78.13416,427.7153,15,159,52,179,,
08/10/2022,18:15:56,4,27.74776,77.16522,332.3395,14,7,10,10,,
08/10/2022,18:15:56,1,27.44068,78.9505,630.2537,81,6,9,9,,
08/10/2022,18:16:01,7,27.28848,78.10211,44.50124,19,204,143,51,,
08/10/2022,18:16:01,11,28.07088,78.125,427.841,15,207,150,62,,
08/10/2022,18:16:01,4,27.74776,77.88849,335.4797,14,8,11,11,,
08/10/2022,18:16:01,1,27.48341,79.13818,630.7607,81,6,8,8,,
08/10/2022,18:16:01,,28.07088,79.05884,631.6822,81,204,205,179,1,1
08/10/2022,18:16:06,7,27.26177,78.03497,45.60873,19,204,143,51,,
08/10/2022,18:16:06,11,28.05753,78.0838,428.2995,15,163,41,141,,
08/10/2022,18:16:06,4,27.76379,77.92816,333.1012,14,8,11,11,,
08/10/2022,18:16:06,1,27.47005,79.27399,629.9445,81,86,135,166,,
08/10/2022,18:16:11,7,27.27512,77.92053,46.86548,19,204,143,51,,
08/10/2022,18:16:11,11,28.07088,78.17078,429.4092,15,110,211,168,,
08/10/2022,18:16:11,4,27.73441,77.5528,331.1264,14,8,11,11,,
08/10/2022,18:16:11,1,27.47005,79.1153,629.4384,81,1,250,232,,
08/10/2022,18:16:16,7,27.26177,78.10669,48.88082,19,204,143,51,,
08/10/2022,18:16:16,11,28.0869,78.23181,429.7152,15,220,173,131,,
08/10/2022,18:16:16,4,27.74776,77.42462,332.4028,14,11,15,17,,
08/10/2022,18:16:16,1,27.49676,79.10156,629.783,81,90,172,77,,
08/10/2022,18:16:16,,28.07088,79.27399,629.9445,81,204,250,232,1,1
08/10/2022,18:16:21,7,27.31785,78.23029,48.51214,19,204,143,51,,
08/10/2022,18:16:21,11,28.07088,78.24554,429.3857,15,197,130,31,,
08/10/2022,18:16:21,4,27.73441,77.30255,333.4105,14,11,16,18,,
08/10/2022,18:16:21,1,27.48341,78.76282,631.6043,81,217,167,107,,
08/10/2022,18:16:26,7,27.36057,78.16162,47.33098,19,204,143,51,,
08/10/2022,18:16:26,11,28.0869,78.35388,429.2198,15,144,251,71,,
08/10/2022,18:16:26,4,27.74776,77.2049,335.4191,14,12,17,20,,
08/10/2022,18:16:26,1,27.48341,78.48663,632.8784,81,224,181,173,,
08/10/2022,18:16:31,7,27.36057,78.02124,48.1654,19,204,143,51,,
08/10/2022,18:16:31,4,27.76379,77.07672,333.6471,14,24,35,41,,
08/10/2022,18:16:31,1,27.52613,78.41797,632.0688,81,118,227,206,,
08/10/2022,18:16:31,11,28.05753,78.37677,429.4354,15,38,63,188,,
08/10/2022,18:16:31,,28.0869,78.76282,632.8784,81,224,251,173,1,1
08/10/2022,18:16:36,7,27.28848,78.15247,48.05944,19,204,143,51,,
08/10/2022,18:16:36,4,27.80652,77.06909,333.62,14,95,152,188,,
08/10/2022,18:16:36,1,27.52613,78.27148,632.3935,81,212,157,58,,
08/10/2022,18:16:36,11,28.05753,78.32794,430.4481,15,236,204,42,,
08/10/2022,18:16:41,7,27.3312,78.27301,50.30737,19,204,143,51,,
08/10/2022,18:16:41,4,27.79317,77.08588,335.1938,14,90,143,177,,
08/10/2022,18:16:41,1,27.51011,78.21655,633.0934,81,127,245,255,,
08/10/2022,18:16:41,11,28.05753,78.25317,430.7943,15,19,25,230,,
08/10/2022,18:16:46,7,27.34455,78.33557,51.84906,19,204,143,51,,
08/10/2022,18:16:46,4,27.79317,77.00958,336.3307,14,91,144,178,,
08/10/2022,18:16:46,11,28.07088,78.17993,430.7642,15,13,14,172,,
08/10/2022,18:16:46,1,27.51011,78.28522,633.0417,81,147,28,105,,
08/10/2022,18:16:46,,28.05753,78.32794,633.0934,81,236,245,255,1,1
08/10/2022,18:16:51,7,27.3312,78.41034,53.38738,19,204,143,51,,
08/10/2022,18:16:51,4,27.79317,77.18658,338.0233,14,88,139,171,,
08/10/2022,18:16:51,11,28.0869,78.23181,430.7458,15,25,38,46,,
08/10/2022,18:16:51,1,27.53948,78.20282,633.2106,81,177,88,39,,
08/10/2022,18:16:56,7,27.34455,78.2959,54.69139,19,204,143,51,,
08/10/2022,18:16:56,4,27.80652,77.19727,337.9305,14,78,122,149,,
08/10/2022,18:16:56,11,28.07088,78.17078,430.0267,15,67,121,124,,
08/10/2022,18:16:56,1,27.56619,78.06244,633.1222,81,174,82,19,,
08/10/2022,18:17:01,7,27.34455,78.1662,52.85257,19,204,143,51,,
08/10/2022,18:17:01,4,27.84924,77.11487,337.763,14,72,112,136,,
08/10/2022,18:17:01,11,28.07088,78.16315,430.9629,15,84,154,210,,
08/10/2022,18:17:01,1,27.53948,78.01514,632.8304,81,135,5,40,,
08/10/2022,18:17:01,,28.0869,78.41034,633.2106,81,204,143,171,1,1
08/10/2022,18:17:06,7,27.3312,78.2135,53.21568,19,204,143,51,,
08/10/2022,18:17:06,4,27.84924,77.14233,338.7741,14,144,251,70,,
08/10/2022,18:17:06,1,27.52613,78.02429,633.186,81,129,249,7,,
08/10/2022,18:17:06,11,28.0148,78.14789,432.3347,15,85,156,215,,
08/10/2022,18:17:11,7,27.37392,78.10364,53.33114,19,204,143,51,,
08/10/2022,18:17:11,4,27.81987,77.11792,338.5559,14,253,242,218,,
08/10/2022,18:17:11,1,27.49676,78.19366,634.5937,81,85,162,53,,
08/10/2022,18:17:16,7,27.37392,78.26233,53.25624,19,204,143,51,,
08/10/2022,18:17:16,4,27.81987,77.28729,337.6057,14,229,194,135,,
08/10/2022,18:17:16,11,28.05753,78.19519,431.8016,15,133,251,202,,
08/10/2022,18:17:16,1,27.51011,78.67126,634.1074,81,109,209,163,,
08/10/2022,18:17:16,,28.0148,78.2135,634.5937,81,253,251,218,1,1
08/10/2022,18:17:21,7,27.38728,78.25775,51.58365,19,204,143,51,,
08/10/2022,18:17:21,11,28.07088,78.125,430.5439,15,83,152,203,,
08/10/2022,18:17:21,4,27.81987,77.33917,336.2611,14,175,84,25,,
08/10/2022,18:17:21,1,27.52613,78.67584,633.8787,81,61,115,208,,
08/10/2022,18:17:26,7,27.40063,78.17993,49.95402,19,204,143,51,,
08/10/2022,18:17:26,11,28.0869,78.12042,429.4203,15,48,83,28,,
08/10/2022,18:17:26,4,27.84924,77.2934,335.0879,14,244,221,146,,
08/10/2022,18:17:26,1,27.52613,78.74298,634.6805,81,173,80,12,,
08/10/2022,18:17:31,7,27.38728,78.12653,49.83747,19,204,143,51,,
08/10/2022,18:17:31,11,28.10025,78.09448,429.75,15,78,142,178,,
08/10/2022,18:17:31,4,27.86259,77.04468,334.7468,14,176,86,32,,
08/10/2022,18:17:31,1,27.53948,78.5202,633.0178,81,80,152,31,,
08/10/2022,18:17:31,,28.0869,78.74298,634.6805,81,244,221,208,1,1
08/10/2022,18:17:36,7,27.4567,77.96631,49.63132,19,204,143,51,,
08/10/2022,18:17:36,11,28.05753,78.12042,429.4984,15,198,129,195,,
08/10/2022,18:17:36,4,27.90532,76.98212,334.0964,14,230,193,236,,
08/10/2022,18:17:36,1,27.55283,78.49579,632.3658,81,40,73,123,,
08/10/2022,18:17:41,7,27.47272,77.81982,46.41991,19,204,143,51,,
08/10/2022,18:17:41,11,28.10025,78.21655,428.7179,15,254,240,17,,
08/10/2022,18:17:41,4,27.90532,76.9165,335.2055,14,215,163,87,,
08/10/2022,18:17:41,1,27.56619,78.97186,634.1901,81,5,2,246,,
08/10/2022,18:17:46,7,27.49943,77.66876,45.32883,19,204,143,51,,
08/10/2022,18:17:46,11,28.10025,78.2074,429.0874,15,7,2,108,,
08/10/2022,18:17:46,4,27.89197,76.75629,336.5985,14,213,159,70,,
08/10/2022,18:17:46,1,27.56619,79.28772,634.9545,81,207,149,61,,
08/10/2022,18:17:46,,28.10025,78.97186,634.1901,81,254,240,246,1,1
08/10/2022,18:17:51,7,27.47272,77.71301,46.36721,19,204,143,51,,
08/10/2022,18:17:51,11,28.10025,78.19824,429.4433,15,26,39,52,,
08/10/2022,18:17:51,4,27.89197,76.80206,336.3776,14,152,38,135,,
08/10/2022,18:17:51,1,27.56619,79.54407,634.2828,81,65,122,221,,
08/10/2022,18:17:56,7,27.5288,77.69623,46.88749,19,204,143,51,,
08/10/2022,18:17:56,11,28.10025,78.09448,429.3509,15,38,63,186,,
08/10/2022,18:17:56,4,27.90532,77.00958,336.9144,14,161,57,193,,
08/10/2022,18:17:56,1,27.62226,79.19312,633.9349,81,138,238,52,,
08/10/2022,18:18:01,7,27.5555,77.6123,46.75329,19,204,143,51,,
08/10/2022,18:18:01,11,28.1136,78.08838,429.1262,15,248,228,190,,
08/10/2022,18:18:01,4,27.91867,76.97296,336.5758,14,172,78,6,,
08/10/2022,18:18:01,1,27.62226,79.31213,633.1332,81,57,86,104,,
08/10/2022,18:18:01,,28.10025,79.54407,634.2828,81,204,238,221,1,1
08/10/2022,18:18:06,7,27.5555,77.57568,46.5293,19,204,143,51,,
08/10/2022,18:18:06,11,28.1136,78.13416,429.1635,15,19,25,227,,
08/10/2022,18:18:06,4,27.94804,76.87988,336.6888,14,67,127,233,,
08/10/2022,18:18:06,1,27.62226,79.3808,632.8778,81,19,27,31,,
08/10/2022,18:18:11,7,27.54215,77.56195,47.79898,19,204,143,51,,
08/10/2022,18:18:11,11,28.12695,78.17688,429.2827,15,206,145,7,,
08/10/2022,18:18:11,4,27.9614,76.73492,337.0103,14,145,24,93,,
08/10/2022,18:18:16,7,27.5555,77.6123,46.79723,19,204,143,51,,
08/10/2022,18:18:16,11,28.12695,78.19366,428.3844,15,201,135,217,,
08/10/2022,18:18:16,4,27.93202,76.70746,337.7122,14,39,71,120,,
08/10/2022,18:18:16,1,27.63828,79.14734,634.4885,81,125,210,11,,
08/10/2022,18:18:16,,28.12695,79.3808,632.8778,81,206,145,233,1,1
08/10/2022,18:18:21,7,27.56886,77.58636,47.47586,19,204,143,51,,
08/10/2022,18:18:21,11,28.14297,78.30048,428.1792,15,195,123,172,,
08/10/2022,18:18:21,4,27.90532,76.75781,337.8093,14,132,255,26,,
08/10/2022,18:18:21,1,27.66499,79.22363,634.4626,81,180,94,62,,
08/10/2022,18:18:26,7,27.58488,77.49329,47.65855,19,204,143,51,,
08/10/2022,18:18:26,4,27.91867,77.02179,337.3851,14,56,104,185,,
08/10/2022,18:18:26,11,28.1136,78.29437,428.4106,15,4,252,78,,
08/10/2022,18:18:26,1,27.66499,79.0451,633.2749,81,73,138,0,,
08/10/2022,18:18:31,7,27.59823,77.44751,47.35964,19,204,143,51,,
08/10/2022,18:18:31,11,28.1136,78.28522,427.7209,15,21,30,255,,
08/10/2022,18:18:31,4,27.93202,77.01721,337.3807,14,54,100,177,,
08/10/2022,18:18:31,1,27.66499,78.95813,632.5356,81,101,194,126,,
08/10/2022,18:18:31,,28.14297,79.22363,634.4626,81,204,255,185,1,1
08/10/2022,18:18:36,7,27.59823,77.35748,48.24089,19,204,143,51,,
08/10/2022,18:18:36,11,28.05753,78.35541,427.8495,15,234,201,28,,
08/10/2022,18:18:36,4,27.94804,77.00043,336.9732,14,122,235,227,,
08/10/2022,18:18:36,1,27.66499,78.78876,633.1196,81,116,223,196,,
08/10/2022,18:18:41,7,27.59823,77.31628,49.6063,19,204,143,51,,
08/10/2022,18:18:41,11,28.07088,78.51868,427.8018,15,204,142,248,,
08/10/2022,18:18:41,4,27.9614,76.90277,336.5628,14,40,73,124,,
08/10/2022,18:18:41,1,27.66499,78.48206,634.6573,81,51,88,40,,
08/10/2022,18:18:46,7,27.59823,77.41699,49.29399,19,204,143,51,,
08/10/2022,18:18:46,11,28.0869,78.66516,427.628,15,179,91,51,,
08/10/2022,18:18:46,4,27.93202,76.95007,336.2015,14,46,84,145,,
08/10/2022,18:18:46,1,27.69436,78.61938,634.496,81,178,90,45,,
08/10/2022,18:18:46,,28.07088,78.78876,634.6573,81,234,235,248,1,1
08/10/2022,18:18:51,7,27.58488,77.41241,47.84094,19,204,143,51,,
08/10/2022,18:18:51,11,28.07088,78.66058,427.4894,15,13,14,170,,
08/10/2022,18:18:51,4,27.93202,77.1637,335.6686,14,47,87,152,,
08/10/2022,18:18:51,1,27.72106,78.65295,633.5948,81,126,243,247,,
08/10/2022,18:18:56,7,27.59823,77.4353,47.09161,19,204,143,51,,
08/10/2022,18:18:56,11,28.10025,78.58276,427.1892,15,157,48,165,,
08/10/2022,18:18:56,4,27.94804,77.17743,335.6505,14,46,85,146,,
08/10/2022,18:18:56,1,27.73441,78.55988,632.3692,81,145,25,97,,
08/10/2022,18:19:02,7,27.59823,77.59399,47.03011,19,204,143,51,,
08/10/2022,18:19:02,4,27.97475,77.33307,335.3491,14,138,11,58,,
08/10/2022,18:19:02,11,28.12695,78.61633,425.9899,15,154,43,151,,
08/10/2022,18:19:02,1,27.75044,78.41492,631.7388,81,229,190,223,,
08/10/2022,18:19:02,,28.10025,78.66058,633.5948,81,204,243,247,1,1
08/10/2022,18:19:07,7,27.59823,77.6825,47.50466,19,204,143,51,,
08/10/2022,18:19:07,4,27.97475,77.17438,333.8451,14,125,241,244,,
08/10/2022,18:19:07,11,28.14297,78.61176,424.5816,15,225,182,179,,
08/10/2022,18:19:07,1,27.73441,78.13416,632.9102,81,162,59,200,,
08/10/2022,18:19:12,7,27.59823,77.6825,48.19035,19,204,143,51,,
08/10/2022,18:19:12,4,27.97475,77.00806,333.4313,14,251,238,210,,
08/10/2022,18:19:12,11,28.12695,78.50494,424.7474,15,150,34,123,,
08/10/2022,18:19:12,1,27.72106,77.95258,634.3219,81,127,245,254,,
08/10/2022,18:19:17,7,27.64095,77.61383,47.21039,19,204,143,51,,
08/10/2022,18:19:17,4,28.01747,76.95313,332.4774,14,45,83,143,,
08/10/2022,18:19:17,11,28.14297,78.54614,423.5281,15,146,27,103,,
08/10/2022,18:19:17,,28.14297,78.61176,634.3219,81,251,245,254,1,1
08/10/2022,18:19:22,7,27.62493,77.58179,47.00791,19,204,143,51,,
08/10/2022,18:19:22,4,28.00412,77.07825,331.9774,14,39,71,121,,
08/10/2022,18:19:22,1,27.70771,78.05786,635.5375,81,38,69,116,,
08/10/2022,18:19:22,11,28.18303,78.62091,422.7391,15,152,39,138,,
08/10/2022,18:19:27,7,27.61158,77.49939,45.40283,19,204,143,51,,
08/10/2022,18:19:27,4,28.01747,77.0462,331.6117,14,42,77,132,,
08/10/2022,18:19:27,1,27.73441,78.79486,633.3818,81,154,42,149,,
08/10/2022,18:19:27,11,28.16968,78.62854,422.3067,15,154,42,146,,
08/10/2022,18:19:32,7,27.62493,77.58179,45.22483,19,204,143,51,,
08/10/2022,18:19:32,4,27.99077,77.05536,330.7802,14,41,75,127,,
08/10/2022,18:19:32,1,27.72106,78.58429,630.9613,81,149,32,117,,
08/10/2022,18:19:32,11,28.19905,78.63464,421.6833,15,210,153,40,,
08/10/2022,18:19:32,,28.18303,78.79486,635.5375,81,204,143,149,1,1
08/10/2022,18:19:37,7,27.62493,77.6413,47.72206,19,204,143,51,,
08/10/2022,18:19:37,4,28.00412,76.99585,330.3485,14,50,93,164,,
08/10/2022,18:19:37,1,27.66499,78.07617,629.9946,81,150,35,126,,
08/10/2022,18:19:37,11,28.19905,78.50494,421.0131,15,209,151,33,,
08/10/2022,18:19:42,7,27.62493,77.62146,46.39069,19,204,143,51,,
08/10/2022,18:19:42,4,28.01747,77.06299,329.9417,14,56,105,187,,
08/10/2022,18:19:42,1,27.69436,77.95563,628.5685,81,196,125,180,,
08/10/2022,18:19:42,11,28.22575,78.46375,419.8239,15,154,42,146,,
08/10/2022,18:19:47,7,27.62493,77.6413,46.68721,19,204,143,51,,
08/10/2022,18:19:47,4,28.01747,77.01721,329.0851,14,50,93,163,,
08/10/2022,18:19:47,1,27.73441,78.04413,626.2976,81,196,125,177,,
08/10/2022,18:19:47,11,28.22575,78.44543,420.8152,15,138,11,59,,
08/10/2022,18:19:47,,28.22575,78.50494,629.9946,81,209,151,187,1,1
08/10/2022,18:19:52,7,27.68101,77.71454,43.76069,19,204,143,51,,
08/10/2022,18:19:52,4,28.01747,77.00958,329.1429,14,14,21,25,,
08/10/2022,18:19:52,1,27.70771,78.00751,625.533,81,87,166,62,,
08/10/2022,18:19:52,11,28.16968,78.46832,421.6912,15,190,113,131,,
08/10/2022,18:19:57,7,27.6543,77.75574,46.74228,19,204,143,51,,
08/10/2022,18:19:57,4,28.01747,77.11945,329.1236,14,46,85,148,,
08/10/2022,18:19:57,1,27.70771,78.2959,626.9264,81,134,3,35,,
08/10/2022,18:19:57,11,28.14297,78.50952,422.1673,15,193,120,159,,
08/10/2022,18:20:02,7,27.6543,77.78625,44.69151,19,204,143,51,,
08/10/2022,18:20:02,4,28.01747,77.16522,328.9281,14,43,79,135,,
08/10/2022,18:20:02,1,27.72106,78.41797,626.4943,81,141,17,76,,
08/10/2022,18:20:02,11,28.0869,78.55072,423.2767,15,196,125,179,,
08/10/2022,18:20:02,,28.16968,78.50952,626.9264,81,204,166,159,1,1
08/10/2022,18:20:07,7,27.68101,77.72369,43.80456,19,204,143,51,,
08/10/2022,18:20:07,4,28.01747,77.07367,328.5316,14,123,237,234,,
08/10/2022,18:20:07,1,27.72106,78.32794,627.5334,81,143,21,85,,
08/10/2022,18:20:07,11,28.0148,78.73077,424.0577,15,195,124,174,,
08/10/2022,18:20:12,7,27.68101,77.74506,43.66194,19,204,143,51,,
08/10/2022,18:20:12,4,28.00412,77.11487,328.0986,14,28,49,77,,
08/10/2022,18:20:12,1,27.75044,78.45459,625.0501,81,98,188,112,,
08/10/2022,18:20:12,11,28.03082,78.9505,422.2003,15,191,115,139,,
08/10/2022,18:20:17,7,27.68101,77.6947,41.26786,19,204,143,51,,
08/10/2022,18:20:17,4,28.01747,77.11029,327.9122,14,38,69,115,,
08/10/2022,18:20:17,1,27.76646,78.48663,622.4396,81,135,5,42,,
08/10/2022,18:20:17,11,28.0148,78.98254,419.1954,15,163,60,203,,
08/10/2022,18:20:17,,28.03082,78.9505,627.5334,81,204,237,234,1,1
08/10/2022,18:20:22,7,27.72373,77.54517,41.01954,19,204,143,51,,
08/10/2022,18:20:22,4,28.01747,76.98059,327.1278,14,39,71,120,,
08/10/2022,18:20:22,1,27.76646,78.25928,621.436,81,145,24,94,,
08/10/2022,18:20:22,11,28.0148,78.9917,418.6084,15,156,46,158,,
08/10/2022,18:20:27,7,27.66766,77.57263,39.65189,19,204,143,51,,
08/10/2022,18:20:27,4,28.01747,76.90735,327.2654,14,61,115,208,,
08/10/2022,18:20:27,1,27.72106,77.89307,622.9063,81,156,47,163,,
08/10/2022,18:20:27,11,28.04417,78.96271,417.3895,15,154,42,147,,
08/10/2022,18:20:32,7,27.68101,77.50397,38.73871,19,204,143,51,,
08/10/2022,18:20:32,4,28.03082,76.90887,326.8946,14,28,49,77,,
08/10/2022,18:20:32,1,27.72106,77.96173,623.6645,81,102,196,131,,
08/10/2022,18:20:32,11,28.12695,78.89862,415.5,15,150,35,126,,
08/10/2022,18:20:32,,28.04417,78.9917,622.9063,81,204,143,208,1,1
08/10/2022,18:20:37,7,27.72373,77.53601,38.53629,19,204,143,51,,
08/10/2022,18:20:37,4,28.04684,76.9043,327.512,14,234,204,152,,
08/10/2022,18:20:37,11,28.15633,78.85895,415.9687,15,70,132,244,,
08/10/2022,18:20:37,1,27.70771,78.04871,623.0743,81,96,183,101,,
08/10/2022,18:20:42,7,27.71038,77.46277,37.02516,19,204,143,51,,
08/10/2022,18:20:42,4,28.07355,76.89972,327.7227,14,24,41,62,,
08/10/2022,18:20:42,11,28.16968,78.83453,414.8652,15,75,142,10,,
08/10/2022,18:20:42,1,27.69436,78.125,622.9417,81,150,34,124,,
08/10/2022,18:20:47,7,27.69703,77.38037,36.48351,19,204,143,51,,
08/10/2022,18:20:47,4,28.0602,76.97144,327.5238,14,251,238,210,,
08/10/2022,18:20:47,11,28.18303,78.78113,415.1825,15,84,160,50,,
08/10/2022,18:20:47,1,27.73441,78.07465,622.6776,81,142,18,77,,
08/10/2022,18:20:47,,28.16968,78.85895,623.0743,81,234,204,244,1,1
08/10/2022,18:20:52,7,27.73708,77.27966,37.16844,19,204,143,51,,
08/10/2022,18:20:52,4,28.04684,76.91345,326.9478,14,34,61,100,,
08/10/2022,18:20:52,11,28.2124,78.71246,415.3677,15,87,166,60,,
08/10/2022,18:20:52,1,27.75044,78.09753,621.5045,81,154,43,150,,
08/10/2022,18:20:57,7,27.76913,77.30713,37.18554,19,204,143,51,,
08/10/2022,18:20:57,4,28.0602,76.96228,327.2596,14,31,55,89,,
08/10/2022,18:20:57,11,28.16968,78.60107,414.6482,15,92,176,84,,
08/10/2022,18:20:57,1,27.75044,78.10822,621.5472,81,119,230,215,,
08/10/2022,18:21:02,7,27.76913,77.26898,37.80023,19,204,143,51,,
08/10/2022,18:21:02,4,28.0602,77.17438,327.6091,14,30,52,83,,
08/10/2022,18:21:02,11,28.16968,78.52478,413.8082,15,96,184,102,,
08/10/2022,18:21:02,1,27.79317,78.05786,621.543,81,250,236,207,,
08/10/2022,18:21:02,,28.2124,78.71246,621.5472,81,204,230,215,1,1
08/10/2022,18:21:07,7,27.76913,77.31628,38.53992,19,204,143,51,,
08/10/2022,18:21:07,4,28.0602,77.16827,326.7422,14,226,187,124,,
08/10/2022,18:21:07,11,28.18303,78.61176,414.7213,15,97,185,105,,
08/10/2022,18:21:08,1,27.80919,78.33099,623.6387,81,40,73,124,,
08/10/2022,18:21:13,7,27.73708,77.38953,38.52488,19,204,143,51,,
08/10/2022,18:21:13,4,28.0869,77.19269,326.4079,14,180,87,215,,
08/10/2022,18:21:13,11,28.16968,78.61023,414.4255,15,95,182,99,,
08/10/2022,18:21:13,1,27.83589,78.40576,624.9141,81,42,77,132,,
08/10/2022,18:21:18,7,27.76913,77.37579,38.76757,19,204,143,51,,
08/10/2022,18:21:18,11,28.15633,78.72925,414.8057,15,92,176,83,,
08/10/2022,18:21:18,4,28.0869,77.0813,326.7601,14,238,212,165,,
08/10/2022,18:21:18,1,27.84924,78.76282,626.5563,81,189,114,6,,
08/10/2022,18:21:18,,28.18303,78.61176,624.9141,81,226,187,215,1,1
08/10/2022,18:21:23,7,27.79584,77.32391,39.13446,19,204,143,51,,
08/10/2022,18:21:23,11,28.14297,78.79028,413.9356,15,92,175,82,,
08/10/2022,18:21:23,4,28.0602,77.09198,326.7257,14,230,196,139,,
08/10/2022,18:21:28,7,27.79584,77.16522,37.16915,19,204,143,51,,
08/10/2022,18:21:28,11,28.16968,78.73993,413.1208,15,95,181,96,,
08/10/2022,18:21:28,4,28.0869,77.09961,326.1245,14,11,14,12,,
08/10/2022,18:21:33,7,27.79584,77.25525,36.6442,19,204,143,51,,
08/10/2022,18:21:33,11,28.14297,78.49731,416.5876,15,97,186,108,,
08/10/2022,18:21:33,4,28.0869,77.24762,326.3859,14,22,37,55,,
08/10/2022,18:21:33,,28.16968,78.79028,413.9356,19,230,196,139,1,1
08/10/2022,18:21:38,7,27.79584,77.28424,36.31402,19,204,143,51,,
08/10/2022,18:21:38,11,28.12695,78.66211,414.7516,15,98,188,111,,
08/10/2022,18:21:38,4,28.0869,77.33917,326.1768,14,36,65,109,,
08/10/2022,18:21:43,7,27.81186,77.26898,34.48868,19,204,143,51,,
08/10/2022,18:21:43,11,28.14297,78.92151,411.1677,15,205,146,56,,
08/10/2022,18:21:43,4,28.0869,77.31171,326.5593,14,23,38,57,,
08/10/2022,18:21:48,7,27.79584,77.24609,36.24403,19,204,143,51,,
08/10/2022,18:21:48,11,28.15633,79.01917,413.3232,15,56,105,188,,
08/10/2022,18:21:48,4,28.0869,77.30255,326.6693,14,28,49,77,,
08/10/2022,18:21:48,,28.14297,78.92151,414.7516,19,205,188,111,1,1
08/10/2022,18:21:53,7,27.78249,77.31171,41.6939,19,204,143,51,,
08/10/2022,18:21:53,11,28.15633,79.04663,413.1728,15,68,128,236,,
08/10/2022,18:21:53,4,28.0869,77.33917,327.1977,14,212,160,79,,
08/10/2022,18:21:58,7,27.78249,77.34222,40.08539,19,204,143,51,,
08/10/2022,18:21:58,4,28.12962,77.27814,326.6606,14,52,97,171,,
08/10/2022,18:21:58,11,28.19905,78.92609,413.0225,15,67,126,231,,
08/10/2022,18:22:03,7,27.78249,77.33002,42.46795,19,204,143,51,,
08/10/2022,18:22:03,4,28.12962,77.18353,326.7184,14,234,204,151,,
08/10/2022,18:22:03,11,28.2124,78.83606,412.6639,15,208,152,66,,
08/10/2022,18:22:03,,28.19905,79.04663,413.1728,19,212,160,236,1,1
08/10/2022,18:22:08,7,27.79584,77.34375,43.24855,19,204,143,51,,
08/10/2022,18:22:08,4,28.11627,77.04163,326.8305,14,231,198,141,,
08/10/2022,18:22:08,11,28.23911,78.862,411.6404,15,154,19,106,,
08/10/2022,18:22:13,7,27.78249,77.41089,40.34828,19,204,143,51,,
08/10/2022,18:22:13,4,28.10292,76.96381,326.8023,14,47,86,149,,
08/10/2022,18:22:13,11,28.25513,78.74298,412.2479,15,163,41,141,,
08/10/2022,18:22:18,7,27.79584,77.41241,38.29162,19,204,143,51,,
08/10/2022,18:22:18,4,28.10292,76.9165,326.8216,14,253,242,218,,
08/10/2022,18:22:18,11,28.26849,78.77502,411.8484,15,157,26,118,,
08/10/2022,18:22:18,,28.25513,78.862,412.2479,19,231,198,149,1,1
08/10/2022,18:22:23,7,27.79584,77.43378,38.44044,19,204,143,51,,
08/10/2022,18:22:23,4,28.10292,76.89972,326.2685,14,42,77,131,,
08/10/2022,18:22:23,11,28.28184,78.77655,411.3767,15,178,81,206,,
08/10/2022,18:22:28,7,27.81186,77.35748,38.55851,19,203,141,48,,
08/10/2022,18:22:28,4,28.11627,76.84784,326.3655,14,211,158,76,,
08/10/2022,18:22:28,11,28.25513,78.75366,411.149,15,149,6,87,,
08/10/2022,18:22:33,7,27.83856,77.41547,40.77217,19,204,143,51,,
08/10/2022,18:22:33,4,28.14565,76.81732,326.1441,14,170,59,169,,
08/10/2022,18:22:33,11,28.29519,78.79028,412.1192,15,127,214,17,,
08/10/2022,18:22:33,,28.28184,78.77655,411.3767,19,211,158,206,1,1
08/10/2022,18:22:38,7,27.83856,77.29645,40.84887,19,204,143,51,,
08/10/2022,18:22:38,4,28.14565,76.85394,326.5597,14,221,178,109,,
08/10/2022,18:22:38,11,28.29519,78.73383,412.1309,15,123,206,6,,
08/10/2022,18:22:43,7,27.83856,77.23694,42.06568,19,181,90,221,,
08/10/2022,18:22:43,4,28.11627,77.0874,326.9269,14,213,162,82,,
08/10/2022,18:22:43,11,28.29519,78.72467,413.0995,15,135,231,41,,
08/10/2022,18:22:48,7,27.85458,77.14996,41.26318,19,152,13,97,,
08/10/2022,18:22:48,4,28.11627,77.1637,326.5553,14,115,190,240,,
08/10/2022,18:22:48,11,28.31388,78.68042,414.6101,15,132,225,32,,
08/10/2022,18:22:48,,28.29519,78.73383,413.0995,19,221,231,221,1,1
08/10/2022,18:22:53,7,27.85458,77.27814,40.88831,19,143,248,66,,
08/10/2022,18:22:53,4,28.0869,77.20184,326.595,14,225,185,120,,
08/10/2022,18:22:53,11,28.32723,78.685,415.6472,15,124,208,8,,
08/10/2022,18:22:58,7,27.86794,77.38037,41.3286,19,139,240,54,,
08/10/2022,18:22:58,4,28.14565,77.09503,327.4377,14,224,184,118,,
08/10/2022,18:22:58,11,28.31388,78.70178,415.4861,15,42,63,75,,
08/10/2022,18:23:03,7,27.83856,77.52533,41.94946,19,105,170,212,,
08/10/2022,18:23:03,4,28.17235,77.02637,327.7421,14,176,76,197,,
08/10/2022,18:23:03,11,28.34058,78.76282,414.9362,15,76,118,144,,
08/10/2022,18:23:03,,28.32723,78.70178,415.6472,19,225,248,120,1,1
08/10/2022,18:23:08,7,27.81186,77.63672,40.51654,19,70,108,131,,
08/10/2022,18:23:08,4,28.17235,77.0462,327.731,14,175,73,192,,
08/10/2022,18:23:08,11,28.32723,78.7796,414.0383,15,30,44,51,,
08/10/2022,18:23:13,7,27.78249,77.80914,40.31321,19,81,127,156,,
08/10/2022,18:23:13,4,28.159,77.12708,328.0415,14,181,90,220,,
08/10/2022,18:23:13,11,28.36996,78.80859,413.1883,15,74,115,140,,
08/10/2022,18:23:18,7,27.76913,77.90222,40.10987,19,68,105,127,,
08/10/2022,18:23:18,4,28.1857,77.19727,327.4069,14,141,244,60,,
08/10/2022,18:23:18,11,28.35394,78.79486,412.8127,15,111,182,228,,
08/10/2022,18:23:18,,28.36996,78.80859,414.0383,19,181,127,220,1,1
08/10/2022,18:23:23,7,27.78249,78.03802,40.06348,19,28,41,48,,
08/10/2022,18:23:23,4,28.21507,77.2049,327.7583,14,145,254,75,,
08/10/2022,18:23:23,11,28.32723,78.67584,413.7354,15,106,172,215,,
08/10/2022,18:23:28,7,27.76913,78.06244,40.47574,19,27,39,46,,
08/10/2022,18:23:28,4,28.1857,77.04926,328.1118,14,133,227,35,,
08/10/2022,18:23:28,11,28.34058,78.81165,413.3708,15,73,113,137,,
08/10/2022,18:23:33,7,27.79584,78.09906,40.43111,19,25,36,42,,
08/10/2022,18:23:33,4,28.20172,77.005,328.0549,14,84,132,162,,
08/10/2022,18:23:33,11,28.35394,78.862,413.4555,15,24,35,41,,
08/10/2022,18:23:33,,28.34058,78.81165,413.7354,19,145,254,215,1,1
08/10/2022,18:23:38,7,27.79584,78.03955,40.62395,19,23,34,40,,
08/10/2022,18:23:38,4,28.0869,77.43378,329.6815,14,89,141,174,,
08/10/2022,18:23:38,11,28.35394,78.862,413.8014,15,22,32,37,,
08/10/2022,18:23:43,7,27.83856,77.96173,39.88254,19,22,32,37,,
08/10/2022,18:23:43,4,28.0602,77.70538,329.567,14,144,252,72,,
08/10/2022,18:23:43,11,28.36996,78.86658,412.8445,15,24,35,41,,
08/10/2022,18:23:48,7,27.86794,78.03802,40.603,19,20,29,34,,
08/10/2022,18:23:48,4,28.01747,77.79694,329.0382,14,140,242,57,,
08/10/2022,18:23:48,11,28.31388,78.88031,414.405,15,25,36,42,,
08/10/2022,18:23:48,,28.36996,78.86658,413.8014,19,144,252,174,1,1
08/10/2022,18:23:53,7,27.88129,77.94189,39.26163,19,20,29,34,,
08/10/2022,18:23:53,4,28.10292,77.67792,327.7217,14,144,251,70,,
08/10/2022,18:23:53,11,28.29519,78.95966,413.8185,15,26,38,45,,
08/10/2022,18:23:58,7,27.88129,77.81067,38.90465,19,19,27,31,,
08/10/2022,18:23:58,4,28.07355,77.5528,327.8493,14,139,240,54,,
08/10/2022,18:23:58,11,28.28184,79.04205,417.0378,15,27,39,46,,
08/10/2022,18:24:03,7,27.91066,77.78778,39.0092,19,18,26,30,,
08/10/2022,18:24:03,4,28.11627,77.48566,327.7196,14,53,80,96,,
08/10/2022,18:24:03,11,28.31388,79.03748,414.4518,15,26,38,45,,
08/10/2022,18:24:03,,28.29519,79.04205,417.0378,19,144,251,70,1,1
08/10/2022,18:24:28,7,27.89464,78.04413,39.3948,19,15,22,25,,
08/10/2022,18:24:28,4,28.20172,77.40631,328.5204,14,45,67,80,,
08/10/2022,18:24:28,11,28.26849,79.18701,418.2347,15,18,26,30,,
08/10/2022,18:24:28,,0,0,0,0,0,0,0,-1,-1
08/10/2022,18:24:33,7,27.91066,78.10669,39.98851,19,14,20,23,,
08/10/2022,18:24:33,4,28.22842,77.31018,329.2632,14,41,61,73,,
08/10/2022,18:24:33,11,28.26849,79.15039,416.1039,15,16,23,26,,
08/10/2022,18:24:38,7,27.92401,78.21198,40.38917,19,14,20,23,,
08/10/2022,18:24:38,4,28.21507,77.24152,329.6482,14,36,53,63,,
08/10/2022,18:24:38,11,28.31388,79.19769,415.0109,15,15,22,25,,
08/10/2022,18:24:43,7,27.93736,78.01514,39.15286,19,14,20,23,,
08/10/2022,18:24:43,11,28.32723,79.19312,414.4429,15,14,20,23,,
08/10/2022,18:24:43,4,28.21507,77.36206,330.103,14,33,49,57,,
08/10/2022,18:24:43,,28.31388,79.19769,416.1039,19,41,61,73,-1,-1
08/10/2022,18:24:48,7,27.91066,77.87018,38.21867,19,13,19,22,,
08/10/2022,18:24:48,11,28.34058,79.12903,413.7361,15,13,19,22,,
08/10/2022,18:24:48,4,28.22842,77.36664,330.6331,14,32,47,55,,
08/10/2022,18:24:53,7,27.92401,77.82288,38.80507,19,13,19,22,,
08/10/2022,18:24:53,11,28.35394,79.07715,413.5883,15,12,17,20,,
08/10/2022,18:24:53,4,28.22842,77.25525,331.0496,14,30,44,51,,
08/10/2022,18:24:53,1,27.84924,78.70636,626.6703,81,63,118,214,,
08/10/2022,18:24:58,7,27.93736,77.85492,38.64032,19,13,18,21,,
08/10/2022,18:24:58,11,28.34058,79.07257,411.8961,15,12,17,19,,
08/10/2022,18:24:58,4,28.22842,77.3468,331.6619,14,27,39,46,,
08/10/2022,18:24:58,1,28.01747,78.74908,624.2254,81,21,30,35,,
08/10/2022,18:24:58,,28.35394,79.12903,626.6703,81,63,118,214,1,1
08/10/2022,18:25:04,7,27.93736,77.78625,38.2505,19,12,17,20,,
08/10/2022,18:25:04,11,28.39666,79.1153,412.1642,15,11,16,18,,
08/10/2022,18:25:04,4,28.27116,77.38495,332.2193,14,24,35,41,,
08/10/2022,18:25:04,1,28.04684,78.80402,623.424,81,19,27,31,,
08/10/2022,18:25:09,7,27.93736,77.69623,37.47989,19,12,17,19,,
08/10/2022,18:25:09,11,28.42603,79.07715,411.7785,15,11,15,17,,
08/10/2022,18:25:09,4,28.24178,77.65808,332.049,14,22,32,37,,
08/10/2022,18:25:09,1,28.08957,78.91388,623.4268,81,17,25,29,,
08/10/2022,18:25:14,7,27.95071,77.45209,38.36827,19,11,16,18,,
08/10/2022,18:25:14,11,28.42603,79.00085,412.9505,15,10,14,15,,
08/10/2022,18:25:14,4,28.22842,77.70081,332.1171,14,19,28,32,,
08/10/2022,18:25:14,1,28.04684,78.97339,625.541,81,16,23,26,,
08/10/2022,18:25:14,,28.42603,79.1153,623.4268,81,24,35,41,-1,-1
08/10/2022,18:25:19,7,27.98009,77.54822,38.42238,19,11,16,18,,
08/10/2022,18:25:19,11,28.42603,79.00085,412.8274,15,11,16,18,,
08/10/2022,18:25:19,4,28.2578,77.67792,331.4983,14,18,26,30,,
08/10/2022,18:25:19,1,28.03349,78.84064,627.4873,81,50,75,90,,
08/10/2022,18:25:24,7,27.99344,77.50244,36.98125,19,11,16,18,,
08/10/2022,18:25:24,11,28.41001,78.98712,413.6614,15,10,14,15,,
08/10/2022,18:25:24,4,28.27116,77.49786,331.8634,14,16,23,26,,
08/10/2022,18:25:24,1,28.07355,78.58276,625.9816,81,36,53,63,,
08/10/2022,18:25:29,7,27.96674,77.4765,38.93324,19,11,15,17,,
08/10/2022,18:25:29,11,28.43938,78.96729,414.6459,15,10,14,14,,
08/10/2022,18:25:29,4,28.24178,77.39716,331.82,14,15,22,25,,
08/10/2022,18:25:29,1,28.08957,78.30048,626.4554,81,35,52,61,,
08/10/2022,18:25:29,,28.42603,79.00085,627.4873,81,50,75,90,-1,-1
08/10/2022,18:25:34,7,27.95071,77.61841,41.11844,19,10,14,15,,
08/10/2022,18:25:34,11,28.42603,78.88031,414.958,15,10,14,14,,
08/10/2022,18:25:34,4,28.27116,77.34833,331.4992,14,14,20,23,,
08/10/2022,18:25:34,1,28.14565,78.12653,628.244,81,34,50,59,,
08/10/2022,18:25:39,7,27.98009,77.84729,49.43367,19,10,14,14,,
08/10/2022,18:25:39,11,28.43938,78.86353,414.8943,15,9,13,13,,
08/10/2022,18:25:39,4,28.27116,77.32086,331.2619,14,13,19,22,,
08/10/2022,18:25:39,1,28.159,78.11127,627.7863,81,32,47,55,,
08/10/2022,18:25:44,7,27.93736,78.09448,46.76428,19,10,14,14,,
08/10/2022,18:25:44,11,28.43938,78.89099,414.7554,15,9,13,13,,
08/10/2022,18:25:44,4,28.27116,77.41241,331.3861,14,13,18,21,,
08/10/2022,18:25:44,1,28.159,78.08075,628.3628,81,29,42,49,,
08/10/2022,18:25:44,,28.43938,78.88031,628.244,81,34,50,59,-1,-1
08/10/2022,18:25:49,7,27.91066,78.12958,44.92509,19,9,13,13,,
08/10/2022,18:25:49,11,28.48211,78.91235,414.7086,15,9,13,13,,
08/10/2022,18:25:49,4,28.28451,77.54822,331.4753,14,12,17,20,,
08/10/2022,18:25:49,1,28.159,78.18909,627.9024,81,25,36,42,,
08/10/2022,18:25:54,7,27.92401,78.17078,44.28787,19,9,13,13,,
08/10/2022,18:25:54,11,28.48211,78.89404,414.1043,15,9,13,13,,
08/10/2022,18:25:54,4,28.28451,77.388,331.3125,14,12,17,19,,
08/10/2022,18:25:54,1,28.17235,78.16315,627.5036,81,22,32,37,,
08/10/2022,18:25:59,7,27.93736,78.23181,42.21989,19,9,13,13,,
08/10/2022,18:25:59,11,28.49546,78.8681,414.281,15,8,11,11,,
08/10/2022,18:25:59,4,28.27116,77.33917,330.9503,14,11,16,18,,
08/10/2022,18:25:59,1,28.17235,78.09296,626.813,81,20,29,34,,
08/10/2022,18:25:59,,28.48211,78.91235,627.9024,81,25,36,42,-1,-1
08/10/2022,18:26:04,7,27.92401,78.28979,41.04684,19,9,13,13,,
08/10/2022,18:26:04,11,28.52483,78.82996,413.512,15,8,11,11,,
08/10/2022,18:26:04,4,28.29786,77.39258,330.8941,14,11,16,18,,
08/10/2022,18:26:04,1,28.17235,78.07465,629.3065,81,18,26,30,,
08/10/2022,18:26:09,7,27.95071,78.32642,39.70019,19,9,13,13,,
08/10/2022,18:26:09,11,28.56489,78.76282,411.7845,15,8,11,11,,
08/10/2022,18:26:09,4,28.29786,77.35596,330.5907,14,11,16,18,,
08/10/2022,18:26:09,1,28.14565,78.54309,631.8624,81,17,25,29,,
08/10/2022,18:26:14,11,28.59426,78.66669,410.7542,15,8,11,11,,
08/10/2022,18:26:14,4,28.28451,77.32391,330.3942,14,10,14,15,,
08/10/2022,18:26:14,7,27.96674,78.12042,39.05154,19,8,11,11,,
08/10/2022,18:26:14,1,28.14565,78.55225,630.2813,81,16,23,26,,
08/10/2022,18:26:14,,28.56489,78.82996,631.8624,81,18,26,30,-1,-1
08/10/2022,18:26:19,11,28.55154,78.6377,412.0847,15,8,11,11,,
08/10/2022,18:26:19,4,28.3299,77.38953,330.6866,14,10,14,14,,
08/10/2022,18:26:19,7,27.99344,78.18604,38.58399,19,8,11,11,,
08/10/2022,18:26:19,1,28.17235,78.46069,629.5655,81,14,20,23,,
08/10/2022,18:26:24,11,28.56489,78.62091,413.0664,15,8,11,11,,
08/10/2022,18:26:24,4,28.28451,77.40784,331.1167,14,10,14,14,,
08/10/2022,18:26:24,7,28.02281,78.04413,37.0943,19,8,11,11,,
08/10/2022,18:26:24,1,28.159,78.21808,629.2556,81,14,20,23,,
08/10/2022,18:26:29,11,28.62096,78.59802,411.7536,15,8,11,11,,
08/10/2022,18:26:29,4,28.31655,77.26593,331.5133,14,10,14,14,,
08/10/2022,18:26:29,7,28.00679,78.0426,37.93739,19,8,11,11,,
08/10/2022,18:26:29,1,28.14565,78.00751,632.7026,81,13,19,22,,
08/10/2022,18:26:29,,28.56489,78.6377,629.5655,81,14,20,23,-1,-1
08/10/2022,18:26:34,7,27.99344,78.11737,38.75265,19,8,11,11,,
08/10/2022,18:26:34,11,28.58091,78.52325,412.0017,15,8,11,11,,
08/10/2022,18:26:34,4,28.31655,77.33002,330.8788,14,9,13,13,,
08/10/2022,18:26:34,1,28.12962,77.90527,635.2709,81,12,17,20,,
08/10/2022,18:26:39,11,28.55154,78.6377,416.1659,15,8,11,11,,
08/10/2022,18:26:39,4,28.29786,77.3468,330.3039,14,9,13,13,,
08/10/2022,18:26:39,7,28.00679,77.97394,39.51469,19,8,11,11,,
08/10/2022,18:26:39,1,28.10292,77.83813,636.2255,81,12,17,20,,
