date,time,temp,humidity,co2,voc,fan_action,filter_action
28/08/2022,15:07:51,-2.0,0.0,804.0,61.0,,
28/08/2022,15:07:51,,,,,-1,0
28/08/2022,15:07:53,-2.0,0.0,804.0,61.0,,
28/08/2022,15:07:53,,,,,-1,0
28/08/2022,15:07:57,-2.0,0.0,795.0,60.0,,
28/08/2022,15:07:57,,,,,-1,0
28/08/2022,15:08:11,-2.0,0.0,785.0,58.0,,
28/08/2022,15:08:11,,,,,-1,0
28/08/2022,15:08:13,-2.0,0.0,804.0,61.0,,
28/08/2022,15:08:13,,,,,-1,0
28/08/2022,15:08:15,-2.0,0.0,815.0,63.0,,
28/08/2022,15:08:15,,,,,-1,0
28/08/2022,15:08:19,-2.0,0.0,795.0,60.0,,
28/08/2022,15:08:19,,,,,-1,0
28/08/2022,15:08:21,-2.0,0.0,785.0,58.0,,
28/08/2022,15:08:21,,,,,-1,0
28/08/2022,15:08:25,-2.0,0.0,785.0,58.0,,
28/08/2022,15:08:25,,,,,-1,0
28/08/2022,15:08:27,-2.0,0.0,768.0,56.0,,
28/08/2022,15:08:27,,,,,-1,0
28/08/2022,15:08:31,-2.0,0.0,768.0,56.0,,
28/08/2022,15:08:31,,,,,-1,0
28/08/2022,15:08:35,-2.0,0.0,768.0,56.0,,
28/08/2022,15:08:35,,,,,-1,0
28/08/2022,15:08:37,-2.0,0.0,913.0,78.0,,
28/08/2022,15:08:37,,,,,-1,0
28/08/2022,15:08:41,-2.0,0.0,732.0,50.0,,
28/08/2022,15:08:41,,,,,-1,0
28/08/2022,15:08:43,-2.0,0.0,688.0,43.0,,
28/08/2022,15:08:43,,,,,-1,0
28/08/2022,15:08:47,-2.0,0.0,694.0,44.0,,
28/08/2022,15:08:47,,,,,-1,0
28/08/2022,15:08:49,-2.0,0.0,700.0,45.0,,
28/08/2022,15:08:49,,,,,-1,0
28/08/2022,15:08:53,-2.0,0.0,688.0,43.0,,
28/08/2022,15:08:53,,,,,-1,0
28/08/2022,15:08:55,-2.0,0.0,694.0,44.0,,
28/08/2022,15:08:55,,,,,-1,0
28/08/2022,15:08:59,-2.0,0.0,959.0,85.0,,
28/08/2022,15:08:59,,,,,-1,0
28/08/2022,15:09:01,-2.0,0.0,834.0,66.0,,
28/08/2022,15:09:01,,,,,-1,0
28/08/2022,15:09:05,-2.0,0.0,815.0,63.0,,
28/08/2022,15:09:05,,,,,-1,0
28/08/2022,15:09:07,-2.0,0.0,768.0,56.0,,
28/08/2022,15:09:07,,,,,-1,0
28/08/2022,15:09:11,-2.0,0.0,759.0,54.0,,
28/08/2022,15:09:11,,,,,-1,0
28/08/2022,15:09:13,-2.0,0.0,742.0,52.0,,
28/08/2022,15:09:13,,,,,-1,0
28/08/2022,15:09:17,-2.0,0.0,785.0,58.0,,
28/08/2022,15:09:17,,,,,-1,0
28/08/2022,15:09:21,-2.0,0.0,749.0,53.0,,
28/08/2022,15:09:21,,,,,-1,0
28/08/2022,15:09:23,-2.0,0.0,719.0,48.0,,
28/08/2022,15:09:23,,,,,-1,0
28/08/2022,15:09:27,-2.0,0.0,688.0,43.0,,
28/08/2022,15:09:27,,,,,-1,0
28/08/2022,15:09:29,-2.0,0.0,712.0,47.0,,
28/08/2022,15:09:29,,,,,-1,0
28/08/2022,15:09:33,-2.0,0.0,742.0,52.0,,
28/08/2022,15:09:33,,,,,-1,0
28/08/2022,15:09:35,-2.0,0.0,700.0,45.0,,
28/08/2022,15:09:35,,,,,-1,0
28/08/2022,15:09:39,-2.0,0.0,732.0,50.0,,
28/08/2022,15:09:39,,,,,-1,0
28/08/2022,15:09:41,-2.0,0.0,712.0,47.0,,
28/08/2022,15:09:41,,,,,-1,0
28/08/2022,15:09:45,-2.0,0.0,759.0,54.0,,
28/08/2022,15:09:45,,,,,-1,0
28/08/2022,15:09:47,-2.0,0.0,768.0,56.0,,
28/08/2022,15:09:47,,,,,-1,0
28/08/2022,15:09:51,-2.0,0.0,778.0,57.0,,
28/08/2022,15:09:51,,,,,-1,0
28/08/2022,15:09:53,-2.0,0.0,778.0,57.0,,
28/08/2022,15:09:53,,,,,-1,0
28/08/2022,15:09:57,-2.0,0.0,795.0,60.0,,
28/08/2022,15:09:57,,,,,-1,0
28/08/2022,15:10:01,-2.0,0.0,778.0,57.0,,
28/08/2022,15:10:01,,,,,-1,0
28/08/2022,15:10:03,-2.0,0.0,749.0,53.0,,
28/08/2022,15:10:03,,,,,-1,0
28/08/2022,15:10:07,-2.0,0.0,778.0,57.0,,
28/08/2022,15:10:07,,,,,-1,0
28/08/2022,15:10:09,-2.0,0.0,719.0,48.0,,
28/08/2022,15:10:09,,,,,-1,0
28/08/2022,15:10:13,-2.0,0.0,700.0,45.0,,
28/08/2022,15:10:13,,,,,-1,0
28/08/2022,15:10:15,-2.0,0.0,700.0,45.0,,
28/08/2022,15:10:15,,,,,-1,0
28/08/2022,15:10:19,-2.0,0.0,719.0,48.0,,
28/08/2022,15:10:19,,,,,-1,0
28/08/2022,15:10:21,-2.0,0.0,768.0,56.0,,
28/08/2022,15:10:21,,,,,-1,0
28/08/2022,15:10:25,-2.0,0.0,834.0,66.0,,
28/08/2022,15:10:25,,,,,-1,0
28/08/2022,15:10:27,-2.0,0.0,844.0,67.0,,
28/08/2022,15:10:27,,,,,-1,0
28/08/2022,15:10:31,-2.0,0.0,834.0,66.0,,
28/08/2022,15:10:31,,,,,-1,0
28/08/2022,15:10:33,-2.0,0.0,815.0,63.0,,
28/08/2022,15:10:33,,,,,-1,0
28/08/2022,15:10:37,-2.0,0.0,804.0,61.0,,
28/08/2022,15:10:37,,,,,-1,0
28/08/2022,15:10:39,-2.0,0.0,768.0,56.0,,
28/08/2022,15:10:39,,,,,-1,0
28/08/2022,15:10:43,-2.0,0.0,742.0,52.0,,
28/08/2022,15:10:43,,,,,-1,0
28/08/2022,15:10:47,-2.0,0.0,719.0,48.0,,
28/08/2022,15:10:47,,,,,-1,0
28/08/2022,15:10:49,-2.0,0.0,719.0,48.0,,
28/08/2022,15:10:49,,,,,-1,0
28/08/2022,15:10:53,-2.0,0.0,732.0,50.0,,
28/08/2022,15:10:53,,,,,-1,0
28/08/2022,15:10:55,-2.0,0.0,742.0,52.0,,
28/08/2022,15:10:55,,,,,-1,0
28/08/2022,15:10:59,-2.0,0.0,732.0,50.0,,
28/08/2022,15:10:59,,,,,-1,0
28/08/2022,15:11:01,-2.0,0.0,742.0,52.0,,
28/08/2022,15:11:01,,,,,-1,0
28/08/2022,15:11:05,-2.0,0.0,719.0,48.0,,
28/08/2022,15:11:05,,,,,-1,0
28/08/2022,15:11:07,-2.0,0.0,719.0,48.0,,
28/08/2022,15:11:07,,,,,-1,0
28/08/2022,15:11:11,-2.0,0.0,732.0,50.0,,
28/08/2022,15:11:11,,,,,-1,0
28/08/2022,15:11:13,-2.0,0.0,759.0,54.0,,
28/08/2022,15:11:13,,,,,-1,0
28/08/2022,15:11:17,-2.0,0.0,759.0,54.0,,
28/08/2022,15:11:17,,,,,-1,0
28/08/2022,15:11:19,-2.0,0.0,712.0,47.0,,
28/08/2022,15:11:19,,,,,-1,0
28/08/2022,15:11:23,-2.0,0.0,694.0,44.0,,
28/08/2022,15:11:23,,,,,-1,0
28/08/2022,15:11:27,-2.0,0.0,694.0,44.0,,
28/08/2022,15:11:27,,,,,-1,0
28/08/2022,15:11:29,-2.0,0.0,719.0,48.0,,
28/08/2022,15:11:29,,,,,-1,0
28/08/2022,15:11:33,-2.0,0.0,712.0,47.0,,
28/08/2022,15:11:33,,,,,-1,0
28/08/2022,15:11:35,-2.0,0.0,688.0,43.0,,
28/08/2022,15:11:35,,,,,-1,0
28/08/2022,15:11:39,-2.0,0.0,694.0,44.0,,
28/08/2022,15:11:39,,,,,-1,0
28/08/2022,15:11:41,-2.0,0.0,688.0,43.0,,
28/08/2022,15:11:41,,,,,-1,0
28/08/2022,15:11:45,-2.0,0.0,712.0,47.0,,
28/08/2022,15:11:45,,,,,-1,0
28/08/2022,15:11:47,-2.0,0.0,719.0,48.0,,
28/08/2022,15:11:47,,,,,-1,0
28/08/2022,15:11:51,-2.0,0.0,719.0,48.0,,
28/08/2022,15:11:51,,,,,-1,0
28/08/2022,15:11:53,-2.0,0.0,719.0,48.0,,
28/08/2022,15:11:53,,,,,-1,0
28/08/2022,15:11:57,-2.0,0.0,768.0,56.0,,
28/08/2022,15:11:57,,,,,-1,0
28/08/2022,15:11:59,-2.0,0.0,844.0,67.0,,
28/08/2022,15:11:59,,,,,-1,0
28/08/2022,15:12:03,-2.0,0.0,1029.0,95.0,,
28/08/2022,15:12:03,,,,,1,0
28/08/2022,15:12:07,-2.0,0.0,1065.0,101.0,,
28/08/2022,15:12:07,,,,,1,0
28/08/2022,15:12:09,-2.0,0.0,1041.0,97.0,,
28/08/2022,15:12:09,,,,,1,0
28/08/2022,15:12:13,-2.0,0.0,1009.0,92.0,,
28/08/2022,15:12:13,,,,,1,0
28/08/2022,15:12:15,-2.0,0.0,1694.0,332.0,,
28/08/2022,15:12:15,,,,,1,0
28/08/2022,15:12:19,-2.0,0.0,1852.0,519.0,,
28/08/2022,15:12:19,,,,,1,0
28/08/2022,15:12:21,-2.0,0.0,1743.0,384.0,,
28/08/2022,15:12:21,,,,,1,0
28/08/2022,15:12:25,-2.0,0.0,2862.0,2565.0,,
28/08/2022,15:12:25,,,,,1,1
28/08/2022,15:12:27,-2.0,0.0,4321.0,5654.0,,
28/08/2022,15:12:27,,,,,1,1
28/08/2022,15:12:31,-2.0,0.0,3708.0,4367.0,,
28/08/2022,15:12:31,,,,,1,1
28/08/2022,15:12:33,-2.0,0.0,3376.0,3665.0,,
28/08/2022,15:12:33,,,,,1,1
28/08/2022,15:12:37,-2.0,0.0,3102.0,3065.0,,
28/08/2022,15:12:37,,,,,1,1
28/08/2022,15:12:39,-2.0,0.0,2960.0,2768.0,,
28/08/2022,15:12:39,,,,,1,1
28/08/2022,15:12:43,-2.0,0.0,2997.0,2847.0,,
28/08/2022,15:12:43,,,,,1,1
28/08/2022,15:12:45,-2.0,0.0,2395.0,1561.0,,
28/08/2022,15:12:45,,,,,1,1
28/08/2022,15:12:49,-2.0,0.0,2138.0,1005.0,,
28/08/2022,15:12:49,,,,,1,1
28/08/2022,15:12:53,-2.0,0.0,2197.0,1138.0,,
28/08/2022,15:12:53,,,,,1,1
28/08/2022,15:12:55,-2.0,0.0,2810.0,2452.0,,
28/08/2022,15:12:55,,,,,1,1
28/08/2022,15:12:59,-2.0,0.0,2776.0,2382.0,,
28/08/2022,15:12:59,,,,,1,1
28/08/2022,15:13:01,-2.0,0.0,2878.0,2601.0,,
28/08/2022,15:13:01,,,,,1,1
28/08/2022,15:13:05,-2.0,0.0,2906.0,2649.0,,
28/08/2022,15:13:05,,,,,1,1
28/08/2022,15:13:07,-2.0,0.0,3771.0,4497.0,,
28/08/2022,15:13:07,,,,,1,1
28/08/2022,15:13:11,-2.0,0.0,3620.0,4166.0,,
28/08/2022,15:13:11,,,,,1,1
28/08/2022,15:13:13,-2.0,0.0,3168.0,3206.0,,
28/08/2022,15:13:13,,,,,1,1
28/08/2022,15:13:17,-2.0,0.0,2692.0,2187.0,,
28/08/2022,15:13:17,,,,,1,1
28/08/2022,15:13:19,-2.0,0.0,2512.0,1809.0,,
28/08/2022,15:13:19,,,,,1,1
28/08/2022,15:13:23,-2.0,0.0,2645.0,2099.0,,
28/08/2022,15:13:23,,,,,1,1
28/08/2022,15:13:25,-2.0,0.0,2960.0,2768.0,,
28/08/2022,15:13:25,,,,,1,1
28/08/2022,15:13:29,-2.0,0.0,2997.0,2847.0,,
28/08/2022,15:13:29,,,,,1,1
28/08/2022,15:13:32,-2.0,0.0,2944.0,2727.0,,
28/08/2022,15:13:32,,,,,1,1
28/08/2022,15:13:36,-2.0,0.0,2944.0,2727.0,,
28/08/2022,15:13:36,,,,,1,1
28/08/2022,15:13:40,-2.0,0.0,3040.0,2934.0,,
28/08/2022,15:13:40,,,,,1,1
28/08/2022,15:13:42,-2.0,0.0,3084.0,3029.0,,
28/08/2022,15:13:42,,,,,1,1
28/08/2022,15:13:46,-2.0,0.0,3084.0,3029.0,,
28/08/2022,15:13:46,,,,,1,1
28/08/2022,15:13:48,-2.0,0.0,3144.0,3155.0,,
28/08/2022,15:13:48,,,,,1,1
28/08/2022,15:13:52,-2.0,0.0,3084.0,3029.0,,
28/08/2022,15:13:52,,,,,1,1
28/08/2022,15:13:54,-2.0,0.0,3102.0,3065.0,,
28/08/2022,15:13:54,,,,,1,1
28/08/2022,15:13:58,-2.0,0.0,2960.0,2768.0,,
28/08/2022,15:13:58,,,,,1,1
28/08/2022,15:14:00,-2.0,0.0,3084.0,3029.0,,
28/08/2022,15:14:00,,,,,1,1
28/08/2022,15:14:04,-2.0,0.0,3510.0,3940.0,,
28/08/2022,15:14:04,,,,,1,1
28/08/2022,15:14:06,-2.0,0.0,3332.0,3562.0,,
28/08/2022,15:14:06,,,,,1,1
28/08/2022,15:14:10,-2.0,0.0,3084.0,3029.0,,
28/08/2022,15:14:10,,,,,1,1
28/08/2022,15:14:12,-2.0,0.0,2925.0,2679.0,,
28/08/2022,15:14:12,,,,,1,1
28/08/2022,15:14:16,-2.0,0.0,3189.0,3253.0,,
28/08/2022,15:14:16,,,,,1,1
28/08/2022,15:14:20,-2.0,0.0,2906.0,2649.0,,
28/08/2022,15:14:20,,,,,1,1
28/08/2022,15:14:22,-2.0,0.0,2925.0,2679.0,,
28/08/2022,15:14:22,,,,,1,1
28/08/2022,15:14:26,-2.0,0.0,2843.0,2530.0,,
28/08/2022,15:14:26,,,,,1,1
28/08/2022,15:14:28,-2.0,0.0,2758.0,2343.0,,
28/08/2022,15:14:28,,,,,1,1
28/08/2022,15:14:32,-2.0,0.0,2739.0,2308.0,,
28/08/2022,15:14:32,,,,,1,1
28/08/2022,15:14:34,-2.0,0.0,2572.0,1930.0,,
28/08/2022,15:14:34,,,,,1,1
28/08/2022,15:14:38,-2.0,0.0,2486.0,1753.0,,
28/08/2022,15:14:38,,,,,1,1
28/08/2022,15:14:40,-2.0,0.0,2572.0,1930.0,,
28/08/2022,15:14:40,,,,,1,1
28/08/2022,15:14:44,-2.0,0.0,2526.0,1840.0,,
28/08/2022,15:14:44,,,,,1,1
28/08/2022,15:14:46,-2.0,0.0,2450.0,1673.0,,
28/08/2022,15:14:46,,,,,1,1
28/08/2022,15:14:50,-2.0,0.0,2359.0,1477.0,,
28/08/2022,15:14:50,,,,,1,1
28/08/2022,15:14:52,-2.0,0.0,2245.0,1234.0,,
28/08/2022,15:14:52,,,,,1,1
28/08/2022,15:14:56,-2.0,0.0,2300.0,1361.0,,
28/08/2022,15:14:56,,,,,1,1
28/08/2022,15:14:58,-2.0,0.0,2372.0,1506.0,,
28/08/2022,15:14:58,,,,,1,1
28/08/2022,15:15:02,-2.0,0.0,2160.0,1045.0,,
28/08/2022,15:15:02,,,,,1,1
28/08/2022,15:15:06,-2.0,0.0,2178.0,1093.0,,
28/08/2022,15:15:06,,,,,1,1
28/08/2022,15:15:08,-2.0,0.0,2287.0,1333.0,,
28/08/2022,15:15:08,,,,,1,1
28/08/2022,15:15:12,-2.0,0.0,2160.0,1045.0,,
28/08/2022,15:15:12,,,,,1,1
28/08/2022,15:15:14,-2.0,0.0,1915.0,609.0,,
28/08/2022,15:15:14,,,,,1,0
28/08/2022,15:15:18,-2.0,0.0,1877.0,550.0,,
28/08/2022,15:15:18,,,,,1,0
28/08/2022,15:15:20,-2.0,0.0,1922.0,619.0,,
28/08/2022,15:15:20,,,,,1,0
28/08/2022,15:15:24,-2.0,0.0,1892.0,573.0,,
28/08/2022,15:15:24,,,,,1,0
28/08/2022,15:15:26,-2.0,0.0,1801.0,451.0,,
28/08/2022,15:15:26,,,,,1,0
28/08/2022,15:15:30,-2.0,0.0,1865.0,536.0,,
28/08/2022,15:15:30,,,,,1,0
28/08/2022,15:15:32,-2.0,0.0,1915.0,609.0,,
28/08/2022,15:15:32,,,,,1,0
28/08/2022,15:15:36,-2.0,0.0,1939.0,647.0,,
28/08/2022,15:15:36,,,,,1,0
28/08/2022,15:15:38,-2.0,0.0,1931.0,633.0,,
28/08/2022,15:15:38,,,,,1,0
28/08/2022,15:15:42,-2.0,0.0,1931.0,633.0,,
28/08/2022,15:15:42,,,,,1,0
28/08/2022,15:15:46,-2.0,0.0,1877.0,550.0,,
28/08/2022,15:15:46,,,,,1,0
28/08/2022,15:15:48,-2.0,0.0,1892.0,573.0,,
28/08/2022,15:15:48,,,,,1,0
28/08/2022,15:15:52,-2.0,0.0,1877.0,550.0,,
28/08/2022,15:15:52,,,,,1,0
28/08/2022,15:15:54,-2.0,0.0,1815.0,469.0,,
28/08/2022,15:15:54,,,,,1,0
28/08/2022,15:15:58,-2.0,0.0,1815.0,469.0,,
28/08/2022,15:15:58,,,,,1,0
28/08/2022,15:16:00,-2.0,0.0,1801.0,451.0,,
28/08/2022,15:16:00,,,,,1,0
28/08/2022,15:16:04,-2.0,0.0,1852.0,519.0,,
28/08/2022,15:16:04,,,,,1,0
28/08/2022,15:16:06,-2.0,0.0,1884.0,561.0,,
28/08/2022,15:16:06,,,,,1,0
28/08/2022,15:16:10,-2.0,0.0,1843.0,505.0,,
28/08/2022,15:16:10,,,,,1,0
28/08/2022,15:16:12,-2.0,0.0,1808.0,458.0,,
28/08/2022,15:16:12,,,,,1,0
28/08/2022,15:16:38,-2.0,0.0,2052.0,829.0,,
28/08/2022,15:16:38,,,,,1,0
28/08/2022,15:16:40,-2.0,0.0,2098.0,920.0,,
28/08/2022,15:16:40,,,,,1,0
28/08/2022,15:16:44,-2.0,0.0,2187.0,1111.0,,
28/08/2022,15:16:44,,,,,1,1
28/08/2022,15:16:46,-2.0,0.0,2208.0,1161.0,,
28/08/2022,15:16:46,,,,,1,1
28/08/2022,15:16:50,-2.0,0.0,2255.0,1258.0,,
28/08/2022,15:16:50,,,,,1,1
28/08/2022,15:16:52,-2.0,0.0,2106.0,933.0,,
28/08/2022,15:16:52,,,,,1,0
28/08/2022,15:16:56,-2.0,0.0,2126.0,978.0,,
28/08/2022,15:16:56,,,,,1,0
28/08/2022,15:16:58,-2.0,0.0,1982.0,716.0,,
28/08/2022,15:16:58,,,,,1,0
28/08/2022,15:17:02,-2.0,0.0,1884.0,561.0,,
28/08/2022,15:17:02,,,,,1,0
28/08/2022,15:17:04,-2.0,0.0,1774.0,418.0,,
28/08/2022,15:17:04,,,,,1,0
28/08/2022,15:17:08,-2.0,0.0,1743.0,384.0,,
28/08/2022,15:17:08,,,,,1,0
28/08/2022,15:17:10,-2.0,0.0,1801.0,451.0,,
28/08/2022,15:17:10,,,,,1,0
28/08/2022,15:17:14,-2.0,0.0,1766.0,410.0,,
28/08/2022,15:17:14,,,,,1,0
28/08/2022,15:17:18,-2.0,0.0,1766.0,410.0,,
28/08/2022,15:17:18,,,,,1,0
28/08/2022,15:17:20,-2.0,0.0,1801.0,451.0,,
28/08/2022,15:17:20,,,,,1,0
28/08/2022,15:17:24,-2.0,0.0,1843.0,505.0,,
28/08/2022,15:17:24,,,,,1,0
28/08/2022,15:17:26,-2.0,0.0,1830.0,488.0,,
28/08/2022,15:17:26,,,,,1,0
28/08/2022,15:17:30,-2.0,0.0,1749.0,390.0,,
28/08/2022,15:17:30,,,,,1,0
28/08/2022,15:17:32,-2.0,0.0,1707.0,346.0,,
28/08/2022,15:17:32,,,,,1,0
28/08/2022,15:17:36,-2.0,0.0,1687.0,326.0,,
28/08/2022,15:17:36,,,,,1,0
28/08/2022,15:17:38,-2.0,0.0,1975.0,703.0,,
28/08/2022,15:17:38,,,,,1,0
28/08/2022,15:17:42,-2.0,0.0,1865.0,536.0,,
28/08/2022,15:17:42,,,,,1,0
28/08/2022,15:17:44,-2.0,0.0,1774.0,418.0,,
28/08/2022,15:17:44,,,,,1,0
28/08/2022,15:17:48,-2.0,0.0,1836.0,497.0,,
28/08/2022,15:17:48,,,,,1,0
28/08/2022,15:17:50,-2.0,0.0,1908.0,596.0,,
28/08/2022,15:17:50,,,,,1,0
28/08/2022,15:17:54,-2.0,0.0,1836.0,497.0,,
28/08/2022,15:17:54,,,,,1,0
28/08/2022,15:17:56,-2.0,0.0,1715.0,354.0,,
28/08/2022,15:17:56,,,,,1,0
28/08/2022,15:18:00,-2.0,0.0,1743.0,384.0,,
28/08/2022,15:18:00,,,,,1,0
28/08/2022,15:18:04,-2.0,0.0,1707.0,346.0,,
28/08/2022,15:18:04,,,,,1,0
28/08/2022,15:18:06,-2.0,0.0,1991.0,730.0,,
28/08/2022,15:18:06,,,,,1,0
28/08/2022,15:18:10,-2.0,0.0,2126.0,978.0,,
28/08/2022,15:18:10,,,,,1,0
28/08/2022,15:18:12,-2.0,0.0,2025.0,763.0,,
28/08/2022,15:18:12,,,,,1,0
28/08/2022,15:18:16,-2.0,0.0,1939.0,647.0,,
28/08/2022,15:18:16,,,,,1,0
28/08/2022,15:18:18,-2.0,0.0,1957.0,674.0,,
28/08/2022,15:18:18,,,,,1,0
28/08/2022,15:18:22,-2.0,0.0,1964.0,685.0,,
28/08/2022,15:18:22,,,,,1,0
28/08/2022,15:18:24,-2.0,0.0,1795.0,444.0,,
28/08/2022,15:18:24,,,,,1,0
28/08/2022,15:18:28,-2.0,0.0,1701.0,340.0,,
28/08/2022,15:18:28,,,,,1,0
28/08/2022,15:18:30,-2.0,0.0,1683.0,322.0,,
28/08/2022,15:18:30,,,,,1,0
28/08/2022,15:18:34,-2.0,0.0,1611.0,256.0,,
28/08/2022,15:18:34,,,,,1,0
28/08/2022,15:18:36,-2.0,0.0,1594.0,241.0,,
28/08/2022,15:18:36,,,,,1,0
28/08/2022,15:18:40,-2.0,0.0,1665.0,304.0,,
28/08/2022,15:18:40,,,,,1,0
28/08/2022,15:18:44,-2.0,0.0,1633.0,276.0,,
28/08/2022,15:18:44,,,,,1,0
28/08/2022,15:18:46,-2.0,0.0,1599.0,245.0,,
28/08/2022,15:18:46,,,,,1,0
28/08/2022,15:18:50,-2.0,0.0,1749.0,390.0,,
28/08/2022,15:18:50,,,,,1,0
28/08/2022,15:18:52,-2.0,0.0,1822.0,477.0,,
28/08/2022,15:18:52,,,,,1,0
28/08/2022,15:18:56,-2.0,0.0,1852.0,519.0,,
28/08/2022,15:18:56,,,,,1,0
28/08/2022,15:18:58,-2.0,0.0,1774.0,418.0,,
28/08/2022,15:18:58,,,,,1,0
28/08/2022,15:19:02,-2.0,0.0,1665.0,304.0,,
28/08/2022,15:19:02,,,,,1,0
28/08/2022,15:19:04,-2.0,0.0,1687.0,326.0,,
28/08/2022,15:19:04,,,,,1,0
28/08/2022,15:19:08,-2.0,0.0,1669.0,308.0,,
28/08/2022,15:19:08,,,,,1,0
28/08/2022,15:19:10,-2.0,0.0,1676.0,314.0,,
28/08/2022,15:19:10,,,,,1,0
28/08/2022,15:19:14,-2.0,0.0,1659.0,297.0,,
28/08/2022,15:19:14,,,,,1,0
28/08/2022,15:19:16,-2.0,0.0,1652.0,292.0,,
28/08/2022,15:19:16,,,,,1,0
28/08/2022,15:19:20,-2.0,0.0,1687.0,326.0,,
28/08/2022,15:19:20,,,,,1,0
28/08/2022,15:19:22,-2.0,0.0,1638.0,280.0,,
28/08/2022,15:19:22,,,,,1,0
28/08/2022,15:19:26,-2.0,0.0,1583.0,231.0,,
28/08/2022,15:19:26,,,,,1,0
28/08/2022,15:19:30,-2.0,0.0,1540.0,199.0,,
28/08/2022,15:19:30,,,,,1,0
28/08/2022,15:19:32,-2.0,0.0,1519.0,184.0,,
28/08/2022,15:19:32,,,,,1,0
28/08/2022,15:19:36,-2.0,0.0,1525.0,188.0,,
28/08/2022,15:19:36,,,,,1,0
28/08/2022,15:19:38,-2.0,0.0,1540.0,199.0,,
28/08/2022,15:19:38,,,,,1,0
28/08/2022,15:19:42,-2.0,0.0,1385.0,150.0,,
28/08/2022,15:19:42,,,,,1,0
28/08/2022,15:19:44,-2.0,0.0,1285.0,134.0,,
28/08/2022,15:19:44,,,,,1,0
28/08/2022,15:19:48,-2.0,0.0,1385.0,150.0,,
28/08/2022,15:19:48,,,,,1,0
28/08/2022,15:19:50,-2.0,0.0,1474.0,163.0,,
28/08/2022,15:19:50,,,,,1,0
28/08/2022,15:19:54,-2.0,0.0,1540.0,199.0,,
28/08/2022,15:19:54,,,,,1,0
28/08/2022,15:19:57,-2.0,0.0,1560.0,215.0,,
28/08/2022,15:19:57,,,,,1,0
28/08/2022,15:20:01,-2.0,0.0,1599.0,245.0,,
28/08/2022,15:20:01,,,,,1,0
28/08/2022,15:20:03,-2.0,0.0,1628.0,271.0,,
28/08/2022,15:20:03,,,,,1,0
28/08/2022,15:20:07,-2.0,0.0,1628.0,271.0,,
28/08/2022,15:20:07,,,,,1,0
28/08/2022,15:20:11,-2.0,0.0,1621.0,265.0,,
28/08/2022,15:20:11,,,,,1,0
28/08/2022,15:20:13,-2.0,0.0,1611.0,256.0,,
28/08/2022,15:20:13,,,,,1,0
28/08/2022,15:20:17,-2.0,0.0,1611.0,256.0,,
28/08/2022,15:20:17,,,,,1,0
28/08/2022,15:20:19,-2.0,0.0,1616.0,261.0,,
28/08/2022,15:20:19,,,,,1,0
28/08/2022,15:20:23,-2.0,0.0,1633.0,276.0,,
28/08/2022,15:20:23,,,,,1,0
28/08/2022,15:20:25,-2.0,0.0,1638.0,280.0,,
28/08/2022,15:20:25,,,,,1,0
28/08/2022,15:20:29,-2.0,0.0,1647.0,287.0,,
28/08/2022,15:20:29,,,,,1,0
28/08/2022,15:20:31,-2.0,0.0,1659.0,297.0,,
28/08/2022,15:20:31,,,,,1,0
28/08/2022,15:20:35,-2.0,0.0,1659.0,297.0,,
28/08/2022,15:20:35,,,,,1,0
28/08/2022,15:20:37,-2.0,0.0,1621.0,265.0,,
28/08/2022,15:20:37,,,,,1,0
28/08/2022,15:20:41,-2.0,0.0,1564.0,218.0,,
28/08/2022,15:20:41,,,,,1,0
28/08/2022,15:20:43,-2.0,0.0,1540.0,199.0,,
28/08/2022,15:20:43,,,,,1,0
28/08/2022,15:20:47,-2.0,0.0,1529.0,191.0,,
28/08/2022,15:20:47,,,,,1,0
28/08/2022,15:20:51,-2.0,0.0,1638.0,280.0,,
28/08/2022,15:20:51,,,,,1,0
28/08/2022,15:20:53,-2.0,0.0,1606.0,249.0,,
28/08/2022,15:20:53,,,,,1,0
28/08/2022,15:20:57,-2.0,0.0,1676.0,314.0,,
28/08/2022,15:20:57,,,,,1,0
28/08/2022,15:20:59,-2.0,0.0,1633.0,276.0,,
28/08/2022,15:20:59,,,,,1,0
28/08/2022,15:21:03,-2.0,0.0,1638.0,280.0,,
28/08/2022,15:21:03,,,,,1,0
28/08/2022,15:21:05,-2.0,0.0,1555.0,209.0,,
28/08/2022,15:21:05,,,,,1,0
28/08/2022,15:21:09,-2.0,0.0,1544.0,203.0,,
28/08/2022,15:21:09,,,,,1,0
28/08/2022,15:21:11,-2.0,0.0,1515.0,181.0,,
28/08/2022,15:21:11,,,,,1,0
28/08/2022,15:21:15,-2.0,0.0,1360.0,146.0,,
28/08/2022,15:21:15,,,,,1,0
28/08/2022,15:21:17,-2.0,0.0,1529.0,191.0,,
28/08/2022,15:21:17,,,,,1,0
28/08/2022,15:21:21,-2.0,0.0,1590.0,236.0,,
28/08/2022,15:21:21,,,,,1,0
28/08/2022,15:21:23,-2.0,0.0,1621.0,265.0,,
28/08/2022,15:21:23,,,,,1,0
28/08/2022,15:21:27,-2.0,0.0,22628.0,29206.0,,
28/08/2022,15:21:27,,,,,1,1
28/08/2022,15:21:29,-2.0,0.0,12944.0,24132.0,,
28/08/2022,15:21:29,,,,,1,1
28/08/2022,15:21:33,-2.0,0.0,11038.0,20060.0,,
28/08/2022,15:21:33,,,,,1,1
28/08/2022,15:21:37,-2.0,0.0,9447.0,16638.0,,
28/08/2022,15:21:37,,,,,1,1
28/08/2022,15:21:39,-2.0,0.0,6042.0,9333.0,,
28/08/2022,15:21:39,,,,,1,1
28/08/2022,15:21:43,-2.0,0.0,4396.0,5839.0,,
28/08/2022,15:21:43,,,,,1,1
28/08/2022,15:21:45,-2.0,0.0,3736.0,4421.0,,
28/08/2022,15:21:45,,,,,1,1
28/08/2022,15:21:49,-2.0,0.0,3896.0,4790.0,,
28/08/2022,15:21:49,,,,,1,1
28/08/2022,15:21:51,-2.0,0.0,3213.0,3299.0,,
28/08/2022,15:21:51,,,,,1,1
28/08/2022,15:21:55,-2.0,0.0,3736.0,4421.0,,
28/08/2022,15:21:55,,,,,1,1
28/08/2022,15:21:57,-2.0,0.0,4358.0,5753.0,,
28/08/2022,15:21:57,,,,,1,1
28/08/2022,15:22:01,-2.0,0.0,4532.0,6116.0,,
28/08/2022,15:22:01,,,,,1,1
28/08/2022,15:22:03,-2.0,0.0,5200.0,7546.0,,
28/08/2022,15:22:03,,,,,1,1
28/08/2022,15:22:07,-2.0,0.0,4321.0,5654.0,,
28/08/2022,15:22:07,,,,,1,1
28/08/2022,15:22:09,-2.0,0.0,4196.0,5409.0,,
28/08/2022,15:22:09,,,,,1,1
28/08/2022,15:22:13,-2.0,0.0,4001.0,5014.0,,
28/08/2022,15:22:13,,,,,1,1
28/08/2022,15:22:17,-2.0,0.0,4070.0,5156.0,,
28/08/2022,15:22:17,,,,,1,1
28/08/2022,15:22:19,-2.0,0.0,5140.0,7422.0,,
28/08/2022,15:22:19,,,,,1,1
28/08/2022,15:22:23,-2.0,0.0,6205.0,9693.0,,
28/08/2022,15:22:23,,,,,1,1
28/08/2022,15:22:25,-2.0,0.0,6121.0,9509.0,,
28/08/2022,15:22:25,,,,,1,1
28/08/2022,15:22:29,-2.0,0.0,6560.0,10473.0,,
28/08/2022,15:22:29,,,,,1,1
28/08/2022,15:22:31,-2.0,0.0,6042.0,9333.0,,
28/08/2022,15:22:31,,,,,1,1
28/08/2022,15:22:35,-2.0,0.0,3833.0,4654.0,,
28/08/2022,15:22:35,,,,,1,1
28/08/2022,15:22:37,-2.0,0.0,3168.0,3206.0,,
28/08/2022,15:22:37,,,,,1,1
28/08/2022,15:22:41,-2.0,0.0,3534.0,3996.0,,
28/08/2022,15:22:41,,,,,1,1
28/08/2022,15:22:43,-2.0,0.0,3801.0,4559.0,,
28/08/2022,15:22:43,,,,,1,1
28/08/2022,15:22:47,-2.0,0.0,4070.0,5156.0,,
28/08/2022,15:22:47,,,,,1,1
28/08/2022,15:22:49,-2.0,0.0,3736.0,4421.0,,
28/08/2022,15:22:49,,,,,1,1
28/08/2022,15:22:53,-2.0,0.0,3403.0,3721.0,,
28/08/2022,15:22:53,,,,,1,1
28/08/2022,15:22:55,-2.0,0.0,2556.0,1902.0,,
28/08/2022,15:22:55,,,,,1,1
28/08/2022,15:22:59,-2.0,0.0,2645.0,2099.0,,
28/08/2022,15:22:59,,,,,1,1
28/08/2022,15:23:03,-2.0,0.0,3040.0,2934.0,,
28/08/2022,15:23:03,,,,,1,1
28/08/2022,15:23:05,-2.0,0.0,2584.0,1961.0,,
28/08/2022,15:23:05,,,,,1,1
28/08/2022,15:23:09,-2.0,0.0,3060.0,2973.0,,
28/08/2022,15:23:09,,,,,1,1
28/08/2022,15:23:11,-2.0,0.0,3534.0,3996.0,,
28/08/2022,15:23:11,,,,,1,1
28/08/2022,15:23:15,-2.0,0.0,2906.0,2649.0,,
28/08/2022,15:23:15,,,,,1,1
28/08/2022,15:23:17,-2.0,0.0,2794.0,2421.0,,
28/08/2022,15:23:17,,,,,1,1
28/08/2022,15:23:21,-2.0,0.0,2862.0,2565.0,,
28/08/2022,15:23:21,,,,,1,1
28/08/2022,15:23:23,-2.0,0.0,2679.0,2154.0,,
28/08/2022,15:23:23,,,,,1,1
28/08/2022,15:23:27,-2.0,0.0,2708.0,2241.0,,
28/08/2022,15:23:27,,,,,1,1
28/08/2022,15:23:29,-2.0,0.0,2661.0,2126.0,,
28/08/2022,15:23:29,,,,,1,1
28/08/2022,15:23:33,-2.0,0.0,2599.0,1992.0,,
28/08/2022,15:23:33,,,,,1,1
28/08/2022,15:23:35,-2.0,0.0,2661.0,2126.0,,
28/08/2022,15:23:35,,,,,1,1
28/08/2022,15:23:39,-2.0,0.0,2944.0,2727.0,,
28/08/2022,15:23:39,,,,,1,1
28/08/2022,15:23:43,-2.0,0.0,2944.0,2727.0,,
28/08/2022,15:23:43,,,,,1,1
28/08/2022,15:23:45,-2.0,0.0,2997.0,2847.0,,
28/08/2022,15:23:45,,,,,1,1
28/08/2022,15:23:49,-2.0,0.0,3019.0,2885.0,,
28/08/2022,15:23:49,,,,,1,1
28/08/2022,15:23:51,-2.0,0.0,3084.0,3029.0,,
28/08/2022,15:23:51,,,,,1,1
28/08/2022,15:23:55,-2.0,0.0,3060.0,2973.0,,
28/08/2022,15:23:55,,,,,1,1
28/08/2022,15:23:57,-2.0,0.0,3019.0,2885.0,,
28/08/2022,15:23:57,,,,,1,1
28/08/2022,15:24:01,-2.0,0.0,3060.0,2973.0,,
28/08/2022,15:24:01,,,,,1,1
28/08/2022,15:24:03,-2.0,0.0,3040.0,2934.0,,
28/08/2022,15:24:03,,,,,1,1
28/08/2022,15:24:07,-2.0,0.0,2906.0,2649.0,,
28/08/2022,15:24:07,,,,,1,1
28/08/2022,15:24:09,-2.0,0.0,2723.0,2274.0,,
28/08/2022,15:24:09,,,,,1,1
28/08/2022,15:24:13,-2.0,0.0,2739.0,2308.0,,
28/08/2022,15:24:13,,,,,1,1
28/08/2022,15:24:15,-2.0,0.0,2827.0,2495.0,,
28/08/2022,15:24:15,,,,,1,1
28/08/2022,15:24:19,-2.0,0.0,3213.0,3299.0,,
28/08/2022,15:24:19,,,,,1,1
28/08/2022,15:24:21,-2.0,0.0,3019.0,2885.0,,
28/08/2022,15:24:21,,,,,1,1
28/08/2022,15:24:25,-2.0,0.0,2925.0,2679.0,,
28/08/2022,15:24:25,,,,,1,1
28/08/2022,15:24:29,-2.0,0.0,2599.0,1992.0,,
28/08/2022,15:24:29,,,,,1,1
28/08/2022,15:24:31,-2.0,0.0,2584.0,1961.0,,
28/08/2022,15:24:31,,,,,1,1
28/08/2022,15:24:35,-2.0,0.0,2372.0,1506.0,,
28/08/2022,15:24:35,,,,,1,1
28/08/2022,15:24:37,-2.0,0.0,2584.0,1961.0,,
28/08/2022,15:24:37,,,,,1,1
28/08/2022,15:24:41,-2.0,0.0,2572.0,1930.0,,
28/08/2022,15:24:41,,,,,1,1
28/08/2022,15:24:43,-2.0,0.0,2794.0,2421.0,,
28/08/2022,15:24:43,,,,,1,1
28/08/2022,15:24:47,-2.0,0.0,3019.0,2885.0,,
28/08/2022,15:24:47,,,,,1,1
28/08/2022,15:24:49,-2.0,0.0,3102.0,3065.0,,
28/08/2022,15:24:49,,,,,1,1
28/08/2022,15:24:53,-2.0,0.0,2906.0,2649.0,,
28/08/2022,15:24:53,,,,,1,1
28/08/2022,15:24:55,-2.0,0.0,2843.0,2530.0,,
28/08/2022,15:24:55,,,,,1,1
28/08/2022,15:24:59,-2.0,0.0,2776.0,2382.0,,
28/08/2022,15:24:59,,,,,1,1
28/08/2022,15:25:01,-2.0,0.0,2878.0,2601.0,,
28/08/2022,15:25:01,,,,,1,1
28/08/2022,15:25:05,-2.0,0.0,2723.0,2274.0,,
28/08/2022,15:25:05,,,,,1,1
28/08/2022,15:25:09,-2.0,0.0,2708.0,2241.0,,
28/08/2022,15:25:09,,,,,1,1
28/08/2022,15:25:11,-2.0,0.0,2827.0,2495.0,,
28/08/2022,15:25:11,,,,,1,1
28/08/2022,15:25:15,-2.0,0.0,3144.0,3155.0,,
28/08/2022,15:25:15,,,,,1,1
28/08/2022,15:25:17,-2.0,0.0,4070.0,5156.0,,
28/08/2022,15:25:17,,,,,1,1
28/08/2022,15:25:21,-2.0,0.0,3487.0,3890.0,,
28/08/2022,15:25:21,,,,,1,1
28/08/2022,15:25:23,-2.0,0.0,2556.0,1902.0,,
28/08/2022,15:25:23,,,,,1,1
28/08/2022,15:25:27,-2.0,0.0,2572.0,1930.0,,
28/08/2022,15:25:27,,,,,1,1
28/08/2022,15:25:29,-2.0,0.0,2512.0,1809.0,,
28/08/2022,15:25:29,,,,,1,1
28/08/2022,15:25:33,-2.0,0.0,4820.0,6740.0,,
28/08/2022,15:25:33,,,,,1,1
28/08/2022,15:25:35,-2.0,0.0,5325.0,7817.0,,
28/08/2022,15:25:35,,,,,1,1
28/08/2022,15:25:39,-2.0,0.0,5260.0,7685.0,,
28/08/2022,15:25:39,,,,,1,1
28/08/2022,15:25:41,-2.0,0.0,4276.0,5574.0,,
28/08/2022,15:25:41,,,,,1,1
28/08/2022,15:25:45,-2.0,0.0,3123.0,3116.0,,
28/08/2022,15:25:45,,,,,1,1
28/08/2022,15:25:47,-2.0,0.0,2739.0,2308.0,,
28/08/2022,15:25:47,,,,,1,1
28/08/2022,15:25:51,-2.0,0.0,2265.0,1277.0,,
28/08/2022,15:25:51,,,,,1,1
28/08/2022,15:25:55,-2.0,0.0,3896.0,4790.0,,
28/08/2022,15:25:55,,,,,1,1
28/08/2022,15:25:57,-2.0,0.0,3896.0,4790.0,,
28/08/2022,15:25:57,,,,,1,1
28/08/2022,15:26:01,-2.0,0.0,4576.0,6230.0,,
28/08/2022,15:26:02,,,,,1,1
28/08/2022,15:26:04,-2.0,0.0,4929.0,6960.0,,
28/08/2022,15:26:04,,,,,1,1
28/08/2022,15:26:08,-2.0,0.0,4929.0,6960.0,,
28/08/2022,15:26:08,,,,,1,1
28/08/2022,15:26:10,-2.0,0.0,4972.0,7068.0,,
28/08/2022,15:26:10,,,,,1,1
28/08/2022,15:26:14,-2.0,0.0,4358.0,5753.0,,
28/08/2022,15:26:14,,,,,1,1
28/08/2022,15:26:16,-2.0,0.0,4358.0,5753.0,,
28/08/2022,15:26:16,,,,,1,1
28/08/2022,15:26:20,-2.0,0.0,3647.0,4227.0,,
28/08/2022,15:26:20,,,,,1,1
28/08/2022,15:26:22,-2.0,0.0,3676.0,4290.0,,
28/08/2022,15:26:22,,,,,1,1
28/08/2022,15:26:26,-2.0,0.0,2980.0,2804.0,,
28/08/2022,15:26:26,,,,,1,1
28/08/2022,15:26:28,-2.0,0.0,2960.0,2768.0,,
28/08/2022,15:26:28,,,,,1,1
28/08/2022,15:26:32,-2.0,0.0,3487.0,3890.0,,
28/08/2022,15:26:32,,,,,1,1
28/08/2022,15:26:34,-2.0,0.0,3354.0,3604.0,,
28/08/2022,15:26:34,,,,,1,1
28/08/2022,15:26:38,-2.0,0.0,3332.0,3562.0,,
28/08/2022,15:26:38,,,,,1,1
28/08/2022,15:26:42,-2.0,0.0,3123.0,3116.0,,
28/08/2022,15:26:42,,,,,1,1
28/08/2022,15:26:44,-2.0,0.0,3060.0,2973.0,,
28/08/2022,15:26:44,,,,,1,1
28/08/2022,15:26:48,-2.0,0.0,2679.0,2154.0,,
28/08/2022,15:26:48,,,,,1,1
28/08/2022,15:26:50,-2.0,0.0,2572.0,1930.0,,
28/08/2022,15:26:50,,,,,1,1
28/08/2022,15:26:54,-2.0,0.0,2584.0,1961.0,,
28/08/2022,15:26:54,,,,,1,1
28/08/2022,15:26:56,-2.0,0.0,2708.0,2241.0,,
28/08/2022,15:26:56,,,,,1,1
28/08/2022,15:27:00,-2.0,0.0,3084.0,3029.0,,
28/08/2022,15:27:00,,,,,1,1
28/08/2022,15:27:02,-2.0,0.0,3376.0,3665.0,,
28/08/2022,15:27:02,,,,,1,1
28/08/2022,15:27:06,-2.0,0.0,3279.0,3453.0,,
28/08/2022,15:27:06,,,,,1,1
28/08/2022,15:27:08,-2.0,0.0,3676.0,4290.0,,
28/08/2022,15:27:08,,,,,1,1
28/08/2022,15:27:12,-2.0,0.0,3771.0,4497.0,,
28/08/2022,15:27:12,,,,,1,1
28/08/2022,15:27:14,-2.0,0.0,3771.0,4497.0,,
28/08/2022,15:27:14,,,,,1,1
28/08/2022,15:27:18,-2.0,0.0,3403.0,3721.0,,
28/08/2022,15:27:18,,,,,1,1
28/08/2022,15:27:22,-2.0,0.0,2944.0,2727.0,,
28/08/2022,15:27:22,,,,,1,1
28/08/2022,15:27:24,-2.0,0.0,3487.0,3890.0,,
28/08/2022,15:27:24,,,,,1,1
28/08/2022,15:27:28,-2.0,0.0,3376.0,3665.0,,
28/08/2022,15:27:28,,,,,1,1
28/08/2022,15:27:30,-2.0,0.0,3123.0,3116.0,,
28/08/2022,15:27:30,,,,,1,1
28/08/2022,15:27:34,-2.0,0.0,2810.0,2452.0,,
28/08/2022,15:27:34,,,,,1,1
28/08/2022,15:27:36,-2.0,0.0,3060.0,2973.0,,
28/08/2022,15:27:36,,,,,1,1
28/08/2022,15:27:40,-2.0,0.0,2827.0,2495.0,,
28/08/2022,15:27:40,,,,,1,1
28/08/2022,15:27:42,-2.0,0.0,2708.0,2241.0,,
28/08/2022,15:27:42,,,,,1,1
28/08/2022,15:27:46,-2.0,0.0,2628.0,2061.0,,
28/08/2022,15:27:46,,,,,1,1
28/08/2022,15:27:48,-2.0,0.0,2572.0,1930.0,,
28/08/2022,15:27:48,,,,,1,1
28/08/2022,15:27:52,-2.0,0.0,2692.0,2187.0,,
28/08/2022,15:27:52,,,,,1,1
28/08/2022,15:27:54,-2.0,0.0,2661.0,2126.0,,
28/08/2022,15:27:54,,,,,1,1
28/08/2022,15:27:58,-2.0,0.0,2512.0,1809.0,,
28/08/2022,15:27:58,,,,,1,1
28/08/2022,15:28:00,-2.0,0.0,2556.0,1902.0,,
28/08/2022,15:28:00,,,,,1,1
28/08/2022,15:28:04,-2.0,0.0,2478.0,1728.0,,
28/08/2022,15:28:04,,,,,1,1
28/08/2022,15:28:08,-2.0,0.0,2708.0,2241.0,,
28/08/2022,15:28:08,,,,,1,1
28/08/2022,15:28:10,-2.0,0.0,3144.0,3155.0,,
28/08/2022,15:28:10,,,,,1,1
28/08/2022,15:28:14,-2.0,0.0,2980.0,2804.0,,
28/08/2022,15:28:14,,,,,1,1
28/08/2022,15:28:16,-2.0,0.0,2997.0,2847.0,,
28/08/2022,15:28:16,,,,,1,1
28/08/2022,15:28:20,-2.0,0.0,3123.0,3116.0,,
28/08/2022,15:28:20,,,,,1,1
28/08/2022,15:28:22,-2.0,0.0,3019.0,2885.0,,
28/08/2022,15:28:22,,,,,1,1
28/08/2022,15:28:26,-2.0,0.0,2980.0,2804.0,,
28/08/2022,15:28:26,,,,,1,1
28/08/2022,15:28:28,-2.0,0.0,2925.0,2679.0,,
28/08/2022,15:28:28,,,,,1,1
28/08/2022,15:28:32,-2.0,0.0,3019.0,2885.0,,
28/08/2022,15:28:32,,,,,1,1
28/08/2022,15:28:34,-2.0,0.0,3060.0,2973.0,,
28/08/2022,15:28:34,,,,,1,1
28/08/2022,15:28:38,-2.0,0.0,3019.0,2885.0,,
28/08/2022,15:28:38,,,,,1,1
28/08/2022,15:28:40,-2.0,0.0,2614.0,2024.0,,
28/08/2022,15:28:40,,,,,1,1
28/08/2022,15:28:44,-2.0,0.0,2925.0,2679.0,,
28/08/2022,15:28:44,,,,,1,1
28/08/2022,15:28:48,-2.0,0.0,2542.0,1871.0,,
28/08/2022,15:28:48,,,,,1,1
28/08/2022,15:28:50,-2.0,0.0,2486.0,1753.0,,
28/08/2022,15:28:50,,,,,1,1
28/08/2022,15:28:54,-2.0,0.0,2526.0,1840.0,,
28/08/2022,15:28:54,,,,,1,1
28/08/2022,15:28:56,-2.0,0.0,2679.0,2154.0,,
28/08/2022,15:28:56,,,,,1,1
28/08/2022,15:29:00,-2.0,0.0,2679.0,2154.0,,
28/08/2022,15:29:00,,,,,1,1
28/08/2022,15:29:02,-2.0,0.0,2776.0,2382.0,,
28/08/2022,15:29:02,,,,,1,1
28/08/2022,15:29:06,-2.0,0.0,2776.0,2382.0,,
28/08/2022,15:29:06,,,,,1,1
28/08/2022,15:29:08,-2.0,0.0,2708.0,2241.0,,
28/08/2022,15:29:08,,,,,1,1
28/08/2022,15:29:12,-2.0,0.0,2758.0,2343.0,,
28/08/2022,15:29:12,,,,,1,1
28/08/2022,15:29:14,-2.0,0.0,2810.0,2452.0,,
28/08/2022,15:29:14,,,,,1,1
28/08/2022,15:29:18,-2.0,0.0,2776.0,2382.0,,
28/08/2022,15:29:18,,,,,1,1
28/08/2022,15:29:20,-2.0,0.0,2723.0,2274.0,,
28/08/2022,15:29:20,,,,,1,1
28/08/2022,15:29:24,-2.0,0.0,2925.0,2679.0,,
28/08/2022,15:29:24,,,,,1,1
28/08/2022,15:29:26,-2.0,0.0,2944.0,2727.0,,
28/08/2022,15:29:26,,,,,1,1
28/08/2022,15:29:30,-2.0,0.0,2739.0,2308.0,,
28/08/2022,15:29:30,,,,,1,1
28/08/2022,15:29:34,-2.0,0.0,2599.0,1992.0,,
28/08/2022,15:29:34,,,,,1,1
28/08/2022,15:29:36,-2.0,0.0,2556.0,1902.0,,
28/08/2022,15:29:36,,,,,1,1
28/08/2022,15:29:40,-2.0,0.0,2827.0,2495.0,,
28/08/2022,15:29:40,,,,,1,1
28/08/2022,15:29:42,-2.0,0.0,2843.0,2530.0,,
28/08/2022,15:29:42,,,,,1,1
28/08/2022,15:29:46,-2.0,0.0,2776.0,2382.0,,
28/08/2022,15:29:46,,,,,1,1
28/08/2022,15:29:48,-2.0,0.0,2944.0,2727.0,,
28/08/2022,15:29:48,,,,,1,1
28/08/2022,15:29:52,-2.0,0.0,2944.0,2727.0,,
28/08/2022,15:29:52,,,,,1,1
28/08/2022,15:29:54,-2.0,0.0,2925.0,2679.0,,
28/08/2022,15:29:54,,,,,1,1
28/08/2022,15:29:58,-2.0,0.0,2723.0,2274.0,,
28/08/2022,15:29:58,,,,,1,1
28/08/2022,15:30:00,-2.0,0.0,2692.0,2187.0,,
28/08/2022,15:30:00,,,,,1,1
28/08/2022,15:30:04,-2.0,0.0,2794.0,2421.0,,
28/08/2022,15:30:04,,,,,1,1
28/08/2022,15:30:06,-2.0,0.0,2960.0,2768.0,,
28/08/2022,15:30:06,,,,,1,1
28/08/2022,15:30:10,-2.0,0.0,2960.0,2768.0,,
28/08/2022,15:30:10,,,,,1,1
28/08/2022,15:30:14,-2.0,0.0,2925.0,2679.0,,
28/08/2022,15:30:14,,,,,1,1
28/08/2022,15:30:16,-2.0,0.0,2925.0,2679.0,,
28/08/2022,15:30:16,,,,,1,1
28/08/2022,15:30:20,-2.0,0.0,2944.0,2727.0,,
28/08/2022,15:30:20,,,,,1,1
28/08/2022,15:30:22,-2.0,0.0,2960.0,2768.0,,
28/08/2022,15:30:22,,,,,1,1
28/08/2022,15:30:26,-2.0,0.0,2925.0,2679.0,,
28/08/2022,15:30:26,,,,,1,1
28/08/2022,15:30:28,-2.0,0.0,2843.0,2530.0,,
28/08/2022,15:30:28,,,,,1,1
28/08/2022,15:30:32,-2.0,0.0,2862.0,2565.0,,
28/08/2022,15:30:32,,,,,1,1
28/08/2022,15:30:34,-2.0,0.0,2906.0,2649.0,,
28/08/2022,15:30:34,,,,,1,1
28/08/2022,15:30:38,-2.0,0.0,2878.0,2601.0,,
28/08/2022,15:30:38,,,,,1,1
28/08/2022,15:30:40,-2.0,0.0,2997.0,2847.0,,
28/08/2022,15:30:40,,,,,1,1
28/08/2022,15:30:44,-2.0,0.0,2878.0,2601.0,,
28/08/2022,15:30:44,,,,,1,1
28/08/2022,15:30:46,-2.0,0.0,2878.0,2601.0,,
28/08/2022,15:30:46,,,,,1,1
28/08/2022,15:30:50,-2.0,0.0,2862.0,2565.0,,
28/08/2022,15:30:50,,,,,1,1
28/08/2022,15:30:52,-2.0,0.0,2878.0,2601.0,,
28/08/2022,15:30:52,,,,,1,1
28/08/2022,15:30:56,-2.0,0.0,3189.0,3253.0,,
28/08/2022,15:30:56,,,,,1,1
28/08/2022,15:31:00,-2.0,0.0,3257.0,3407.0,,
28/08/2022,15:31:00,,,,,1,1
28/08/2022,15:31:02,-2.0,0.0,3235.0,3360.0,,
28/08/2022,15:31:02,,,,,1,1
28/08/2022,15:31:06,-2.0,0.0,3102.0,3065.0,,
28/08/2022,15:31:06,,,,,1,1
28/08/2022,15:31:08,-2.0,0.0,2997.0,2847.0,,
28/08/2022,15:31:08,,,,,1,1
28/08/2022,15:31:12,-2.0,0.0,2944.0,2727.0,,
28/08/2022,15:31:12,,,,,1,1
28/08/2022,15:31:14,-2.0,0.0,2906.0,2649.0,,
28/08/2022,15:31:14,,,,,1,1
28/08/2022,15:31:18,-2.0,0.0,2878.0,2601.0,,
28/08/2022,15:31:18,,,,,1,1
28/08/2022,15:31:20,-2.0,0.0,2862.0,2565.0,,
28/08/2022,15:31:20,,,,,1,1
28/08/2022,15:31:24,-2.0,0.0,2878.0,2601.0,,
28/08/2022,15:31:24,,,,,1,1
28/08/2022,15:31:26,-2.0,0.0,2960.0,2768.0,,
28/08/2022,15:31:26,,,,,1,1
28/08/2022,15:31:30,-2.0,0.0,3102.0,3065.0,,
28/08/2022,15:31:30,,,,,1,1
28/08/2022,15:31:32,-2.0,0.0,3102.0,3065.0,,
28/08/2022,15:31:32,,,,,1,1
28/08/2022,15:31:36,-2.0,0.0,2925.0,2679.0,,
28/08/2022,15:31:36,,,,,1,1
28/08/2022,15:31:40,-2.0,0.0,2925.0,2679.0,,
28/08/2022,15:31:40,,,,,1,1
28/08/2022,15:31:42,-2.0,0.0,3060.0,2973.0,,
28/08/2022,15:31:42,,,,,1,1
28/08/2022,15:31:46,-2.0,0.0,3040.0,2934.0,,
28/08/2022,15:31:46,,,,,1,1
28/08/2022,15:31:48,-2.0,0.0,2997.0,2847.0,,
28/08/2022,15:31:48,,,,,1,1
28/08/2022,15:31:52,-2.0,0.0,3123.0,3116.0,,
28/08/2022,15:31:52,,,,,1,1
28/08/2022,15:31:54,-2.0,0.0,3060.0,2973.0,,
28/08/2022,15:31:55,,,,,1,1
28/08/2022,15:31:59,-2.0,0.0,3235.0,3360.0,,
28/08/2022,15:31:59,,,,,1,1
28/08/2022,15:32:01,-2.0,0.0,3189.0,3253.0,,
28/08/2022,15:32:01,,,,,1,1
28/08/2022,15:32:05,-2.0,0.0,3084.0,3029.0,,
28/08/2022,15:32:05,,,,,1,1
28/08/2022,15:32:07,-2.0,0.0,3040.0,2934.0,,
28/08/2022,15:32:07,,,,,1,1
28/08/2022,15:32:11,-2.0,0.0,2997.0,2847.0,,
28/08/2022,15:32:11,,,,,1,1
28/08/2022,15:32:13,-2.0,0.0,2944.0,2727.0,,
28/08/2022,15:32:13,,,,,1,1
28/08/2022,15:32:17,-2.0,0.0,2960.0,2768.0,,
28/08/2022,15:32:17,,,,,1,1
28/08/2022,15:32:19,-2.0,0.0,2997.0,2847.0,,
28/08/2022,15:32:19,,,,,1,1
28/08/2022,15:32:23,-2.0,0.0,2980.0,2804.0,,
28/08/2022,15:32:23,,,,,1,1
28/08/2022,15:32:27,-2.0,0.0,2960.0,2768.0,,
28/08/2022,15:32:27,,,,,1,1
28/08/2022,15:32:29,-2.0,0.0,2944.0,2727.0,,
28/08/2022,15:32:29,,,,,1,1
28/08/2022,15:32:33,-2.0,0.0,2980.0,2804.0,,
28/08/2022,15:32:33,,,,,1,1
28/08/2022,15:32:35,-2.0,0.0,2997.0,2847.0,,
28/08/2022,15:32:35,,,,,1,1
28/08/2022,15:32:39,-2.0,0.0,2906.0,2649.0,,
28/08/2022,15:32:39,,,,,1,1
28/08/2022,15:32:41,-2.0,0.0,2960.0,2768.0,,
28/08/2022,15:32:41,,,,,1,1
28/08/2022,15:32:45,-2.0,0.0,2944.0,2727.0,,
28/08/2022,15:32:45,,,,,1,1
28/08/2022,15:32:47,-2.0,0.0,2906.0,2649.0,,
28/08/2022,15:32:47,,,,,1,1
28/08/2022,15:32:51,-2.0,0.0,3123.0,3116.0,,
28/08/2022,15:32:51,,,,,1,1
28/08/2022,15:32:53,-2.0,0.0,3510.0,3940.0,,
28/08/2022,15:32:53,,,,,1,1
28/08/2022,15:32:57,-2.0,0.0,3510.0,3940.0,,
28/08/2022,15:32:57,,,,,1,1
28/08/2022,15:32:59,-2.0,0.0,3403.0,3721.0,,
28/08/2022,15:32:59,,,,,1,1
28/08/2022,15:33:03,-2.0,0.0,3189.0,3253.0,,
28/08/2022,15:33:03,,,,,1,1
28/08/2022,15:33:07,-2.0,0.0,3123.0,3116.0,,
28/08/2022,15:33:07,,,,,1,1
28/08/2022,15:33:09,-2.0,0.0,3102.0,3065.0,,
28/08/2022,15:33:09,,,,,1,1
28/08/2022,15:33:13,-2.0,0.0,3102.0,3065.0,,
28/08/2022,15:33:13,,,,,1,1
28/08/2022,15:33:15,-2.0,0.0,2980.0,2804.0,,
28/08/2022,15:33:15,,,,,1,1
28/08/2022,15:33:19,-2.0,0.0,2878.0,2601.0,,
28/08/2022,15:33:19,,,,,1,1
28/08/2022,15:33:21,-2.0,0.0,2906.0,2649.0,,
28/08/2022,15:33:21,,,,,1,1
28/08/2022,15:33:25,-2.0,0.0,2944.0,2727.0,,
28/08/2022,15:33:25,,,,,1,1
28/08/2022,15:33:27,-2.0,0.0,3040.0,2934.0,,
28/08/2022,15:33:27,,,,,1,1
28/08/2022,15:33:31,-2.0,0.0,3060.0,2973.0,,
28/08/2022,15:33:31,,,,,1,1
28/08/2022,15:33:33,-2.0,0.0,3060.0,2973.0,,
28/08/2022,15:33:33,,,,,1,1
28/08/2022,15:33:37,-2.0,0.0,3168.0,3206.0,,
28/08/2022,15:33:37,,,,,1,1
28/08/2022,15:33:39,-2.0,0.0,3060.0,2973.0,,
28/08/2022,15:33:39,,,,,1,1
28/08/2022,15:33:43,-2.0,0.0,2980.0,2804.0,,
28/08/2022,15:33:43,,,,,1,1
28/08/2022,15:33:47,-2.0,0.0,3084.0,3029.0,,
28/08/2022,15:33:47,,,,,1,1
28/08/2022,15:33:49,-2.0,0.0,3168.0,3206.0,,
28/08/2022,15:33:49,,,,,1,1
28/08/2022,15:33:53,-2.0,0.0,3332.0,3562.0,,
28/08/2022,15:33:53,,,,,1,1
28/08/2022,15:33:55,-2.0,0.0,3189.0,3253.0,,
28/08/2022,15:33:55,,,,,1,1
28/08/2022,15:33:59,-2.0,0.0,2997.0,2847.0,,
28/08/2022,15:33:59,,,,,1,1
28/08/2022,15:34:01,-2.0,0.0,2980.0,2804.0,,
28/08/2022,15:34:01,,,,,1,1
28/08/2022,15:34:05,-2.0,0.0,2906.0,2649.0,,
28/08/2022,15:34:05,,,,,1,1
28/08/2022,15:34:07,-2.0,0.0,2997.0,2847.0,,
28/08/2022,15:34:07,,,,,1,1
28/08/2022,15:34:11,-2.0,0.0,2960.0,2768.0,,
28/08/2022,15:34:11,,,,,1,1
28/08/2022,15:34:13,-2.0,0.0,2980.0,2804.0,,
28/08/2022,15:34:13,,,,,1,1
28/08/2022,15:34:17,-2.0,0.0,3123.0,3116.0,,
28/08/2022,15:34:17,,,,,1,1
28/08/2022,15:34:19,-2.0,0.0,2810.0,2452.0,,
28/08/2022,15:34:19,,,,,1,1
28/08/2022,15:34:23,-2.0,0.0,2997.0,2847.0,,
28/08/2022,15:34:23,,,,,1,1
28/08/2022,15:34:25,-2.0,0.0,2997.0,2847.0,,
28/08/2022,15:34:25,,,,,1,1
28/08/2022,15:34:29,-2.0,0.0,2997.0,2847.0,,
28/08/2022,15:34:29,,,,,1,1
28/08/2022,15:34:33,-2.0,0.0,2997.0,2847.0,,
28/08/2022,15:34:33,,,,,1,1
28/08/2022,15:34:35,-2.0,0.0,3060.0,2973.0,,
28/08/2022,15:34:35,,,,,1,1
28/08/2022,15:34:39,-2.0,0.0,3060.0,2973.0,,
28/08/2022,15:34:39,,,,,1,1
28/08/2022,15:34:41,-2.0,0.0,3123.0,3116.0,,
28/08/2022,15:34:41,,,,,1,1
28/08/2022,15:34:45,-2.0,0.0,3019.0,2885.0,,
28/08/2022,15:34:45,,,,,1,1
28/08/2022,15:34:47,-2.0,0.0,3084.0,3029.0,,
28/08/2022,15:34:47,,,,,1,1
28/08/2022,15:34:51,-2.0,0.0,3060.0,2973.0,,
28/08/2022,15:34:51,,,,,1,1
28/08/2022,15:34:53,-2.0,0.0,2997.0,2847.0,,
28/08/2022,15:34:53,,,,,1,1
28/08/2022,15:34:57,-2.0,0.0,2906.0,2649.0,,
28/08/2022,15:34:57,,,,,1,1
28/08/2022,15:34:59,-2.0,0.0,2723.0,2274.0,,
28/08/2022,15:34:59,,,,,1,1
28/08/2022,15:35:03,-2.0,0.0,2692.0,2187.0,,
28/08/2022,15:35:03,,,,,1,1
28/08/2022,15:35:05,-2.0,0.0,2628.0,2061.0,,
28/08/2022,15:35:05,,,,,1,1
28/08/2022,15:35:09,-2.0,0.0,2645.0,2099.0,,
28/08/2022,15:35:09,,,,,1,1
28/08/2022,15:35:13,-2.0,0.0,2679.0,2154.0,,
28/08/2022,15:35:13,,,,,1,1
28/08/2022,15:35:15,-2.0,0.0,2758.0,2343.0,,
28/08/2022,15:35:15,,,,,1,1
28/08/2022,15:35:19,-2.0,0.0,2827.0,2495.0,,
28/08/2022,15:35:19,,,,,1,1
28/08/2022,15:35:21,-2.0,0.0,2723.0,2274.0,,
28/08/2022,15:35:21,,,,,1,1
28/08/2022,15:35:25,-2.0,0.0,2810.0,2452.0,,
28/08/2022,15:35:25,,,,,1,1
28/08/2022,15:35:27,-2.0,0.0,2827.0,2495.0,,
28/08/2022,15:35:27,,,,,1,1
28/08/2022,15:35:31,-2.0,0.0,2862.0,2565.0,,
28/08/2022,15:35:31,,,,,1,1
28/08/2022,15:35:33,-2.0,0.0,2925.0,2679.0,,
28/08/2022,15:35:33,,,,,1,1
28/08/2022,15:35:37,-2.0,0.0,2960.0,2768.0,,
28/08/2022,15:35:37,,,,,1,1
28/08/2022,15:35:39,-2.0,0.0,2997.0,2847.0,,
28/08/2022,15:35:39,,,,,1,1
28/08/2022,15:35:43,-2.0,0.0,2980.0,2804.0,,
28/08/2022,15:35:43,,,,,1,1
28/08/2022,15:35:45,-2.0,0.0,2980.0,2804.0,,
28/08/2022,15:35:45,,,,,1,1
28/08/2022,15:35:49,-2.0,0.0,2960.0,2768.0,,
28/08/2022,15:35:49,,,,,1,1
28/08/2022,15:35:51,-2.0,0.0,2925.0,2679.0,,
28/08/2022,15:35:51,,,,,1,1
28/08/2022,15:35:55,-2.0,0.0,2925.0,2679.0,,
28/08/2022,15:35:55,,,,,1,1
28/08/2022,15:35:59,-2.0,0.0,3084.0,3029.0,,
28/08/2022,15:35:59,,,,,1,1
28/08/2022,15:36:01,-2.0,0.0,3019.0,2885.0,,
28/08/2022,15:36:01,,,,,1,1
28/08/2022,15:36:05,-2.0,0.0,2810.0,2452.0,,
28/08/2022,15:36:05,,,,,1,1
28/08/2022,15:36:07,-2.0,0.0,2723.0,2274.0,,
28/08/2022,15:36:07,,,,,1,1
28/08/2022,15:36:11,-2.0,0.0,2794.0,2421.0,,
28/08/2022,15:36:11,,,,,1,1
28/08/2022,15:36:13,-2.0,0.0,2794.0,2421.0,,
28/08/2022,15:36:13,,,,,1,1
28/08/2022,15:36:17,-2.0,0.0,2810.0,2452.0,,
28/08/2022,15:36:17,,,,,1,1
28/08/2022,15:36:19,-2.0,0.0,2794.0,2421.0,,
28/08/2022,15:36:19,,,,,1,1
28/08/2022,15:36:23,-2.0,0.0,2843.0,2530.0,,
28/08/2022,15:36:23,,,,,1,1
28/08/2022,15:36:25,-2.0,0.0,2878.0,2601.0,,
28/08/2022,15:36:25,,,,,1,1
28/08/2022,15:36:29,-2.0,0.0,2758.0,2343.0,,
28/08/2022,15:36:29,,,,,1,1
28/08/2022,15:36:31,-2.0,0.0,2878.0,2601.0,,
28/08/2022,15:36:31,,,,,1,1
28/08/2022,15:36:35,-2.0,0.0,2843.0,2530.0,,
28/08/2022,15:36:35,,,,,1,1
28/08/2022,15:36:39,-2.0,0.0,2542.0,1871.0,,
28/08/2022,15:36:39,,,,,1,1
28/08/2022,15:36:41,-2.0,0.0,2584.0,1961.0,,
28/08/2022,15:36:41,,,,,1,1
28/08/2022,15:36:45,-2.0,0.0,2584.0,1961.0,,
28/08/2022,15:36:45,,,,,1,1
28/08/2022,15:36:47,-2.0,0.0,2661.0,2126.0,,
28/08/2022,15:36:47,,,,,1,1
28/08/2022,15:36:51,-2.0,0.0,2810.0,2452.0,,
28/08/2022,15:36:51,,,,,1,1
28/08/2022,15:36:53,-2.0,0.0,2862.0,2565.0,,
28/08/2022,15:36:53,,,,,1,1
28/08/2022,15:36:57,-2.0,0.0,2843.0,2530.0,,
28/08/2022,15:36:57,,,,,1,1
28/08/2022,15:36:59,-2.0,0.0,2843.0,2530.0,,
28/08/2022,15:36:59,,,,,1,1
28/08/2022,15:37:03,-2.0,0.0,2843.0,2530.0,,
28/08/2022,15:37:03,,,,,1,1
28/08/2022,15:37:05,-2.0,0.0,2843.0,2530.0,,
28/08/2022,15:37:05,,,,,1,1
28/08/2022,15:37:09,-2.0,0.0,2679.0,2154.0,,
28/08/2022,15:37:09,,,,,1,1
28/08/2022,15:37:11,-2.0,0.0,2739.0,2308.0,,
28/08/2022,15:37:11,,,,,1,1
28/08/2022,15:37:15,-2.0,0.0,2723.0,2274.0,,
28/08/2022,15:37:15,,,,,1,1
28/08/2022,15:37:19,-2.0,0.0,2739.0,2308.0,,
28/08/2022,15:37:19,,,,,1,1
28/08/2022,15:37:21,-2.0,0.0,2758.0,2343.0,,
28/08/2022,15:37:21,,,,,1,1
28/08/2022,15:37:25,-2.0,0.0,2776.0,2382.0,,
28/08/2022,15:37:25,,,,,1,1
28/08/2022,15:37:27,-2.0,0.0,2723.0,2274.0,,
28/08/2022,15:37:27,,,,,1,1
28/08/2022,15:37:31,-2.0,0.0,2708.0,2241.0,,
28/08/2022,15:37:31,,,,,1,1
28/08/2022,15:37:33,-2.0,0.0,2708.0,2241.0,,
28/08/2022,15:37:33,,,,,1,1
28/08/2022,15:37:37,-2.0,0.0,2645.0,2099.0,,
28/08/2022,15:37:37,,,,,1,1
28/08/2022,15:37:39,-2.0,0.0,2794.0,2421.0,,
28/08/2022,15:37:39,,,,,1,1
28/08/2022,15:37:43,-2.0,0.0,2708.0,2241.0,,
28/08/2022,15:37:43,,,,,1,1
28/08/2022,15:37:46,-2.0,0.0,2614.0,2024.0,,
28/08/2022,15:37:46,,,,,1,1
28/08/2022,15:37:50,-2.0,0.0,2723.0,2274.0,,
28/08/2022,15:37:50,,,,,1,1
28/08/2022,15:37:52,-2.0,0.0,2679.0,2154.0,,
28/08/2022,15:37:52,,,,,1,1
28/08/2022,15:37:56,-2.0,0.0,2661.0,2126.0,,
28/08/2022,15:37:56,,,,,1,1
28/08/2022,15:37:58,-2.0,0.0,2599.0,1992.0,,
28/08/2022,15:37:58,,,,,1,1
28/08/2022,15:38:02,-2.0,0.0,2692.0,2187.0,,
28/08/2022,15:38:02,,,,,1,1
28/08/2022,15:38:06,-2.0,0.0,2723.0,2274.0,,
28/08/2022,15:38:06,,,,,1,1
28/08/2022,15:38:08,-2.0,0.0,2692.0,2187.0,,
28/08/2022,15:38:08,,,,,1,1
28/08/2022,15:38:12,-2.0,0.0,2645.0,2099.0,,
28/08/2022,15:38:12,,,,,1,1
28/08/2022,15:38:14,-2.0,0.0,2723.0,2274.0,,
28/08/2022,15:38:14,,,,,1,1
28/08/2022,15:38:18,-2.0,0.0,2827.0,2495.0,,
28/08/2022,15:38:18,,,,,1,1
28/08/2022,15:38:20,-2.0,0.0,2810.0,2452.0,,
28/08/2022,15:38:20,,,,,1,1
28/08/2022,15:38:24,-2.0,0.0,2810.0,2452.0,,
28/08/2022,15:38:24,,,,,1,1
28/08/2022,15:38:26,-2.0,0.0,2810.0,2452.0,,
28/08/2022,15:38:26,,,,,1,1
28/08/2022,15:38:30,-2.0,0.0,2776.0,2382.0,,
28/08/2022,15:38:30,,,,,1,1
28/08/2022,15:38:32,-2.0,0.0,2878.0,2601.0,,
28/08/2022,15:38:32,,,,,1,1
28/08/2022,15:38:36,-2.0,0.0,2906.0,2649.0,,
28/08/2022,15:38:36,,,,,1,1
28/08/2022,15:38:38,-2.0,0.0,2843.0,2530.0,,
28/08/2022,15:38:38,,,,,1,1
28/08/2022,15:38:42,-2.0,0.0,2843.0,2530.0,,
28/08/2022,15:38:42,,,,,1,1
28/08/2022,15:38:46,-2.0,0.0,2739.0,2308.0,,
28/08/2022,15:38:46,,,,,1,1
28/08/2022,15:38:48,-2.0,0.0,2758.0,2343.0,,
28/08/2022,15:38:48,,,,,1,1
28/08/2022,15:38:52,-2.0,0.0,2794.0,2421.0,,
28/08/2022,15:38:52,,,,,1,1
28/08/2022,15:38:54,-2.0,0.0,2739.0,2308.0,,
28/08/2022,15:38:54,,,,,1,1
28/08/2022,15:38:58,-2.0,0.0,2708.0,2241.0,,
28/08/2022,15:38:58,,,,,1,1
28/08/2022,15:39:00,-2.0,0.0,2723.0,2274.0,,
28/08/2022,15:39:00,,,,,1,1
28/08/2022,15:39:04,-2.0,0.0,2708.0,2241.0,,
28/08/2022,15:39:04,,,,,1,1
28/08/2022,15:39:06,-2.0,0.0,2661.0,2126.0,,
28/08/2022,15:39:06,,,,,1,1
28/08/2022,15:39:10,-2.0,0.0,2679.0,2154.0,,
28/08/2022,15:39:10,,,,,1,1
28/08/2022,15:39:12,-2.0,0.0,2723.0,2274.0,,
28/08/2022,15:39:12,,,,,1,1
28/08/2022,15:39:16,-2.0,0.0,2708.0,2241.0,,
28/08/2022,15:39:16,,,,,1,1
28/08/2022,15:39:18,-2.0,0.0,2708.0,2241.0,,
28/08/2022,15:39:18,,,,,1,1
28/08/2022,15:39:22,-2.0,0.0,2661.0,2126.0,,
28/08/2022,15:39:22,,,,,1,1
28/08/2022,15:39:24,-2.0,0.0,2542.0,1871.0,,
28/08/2022,15:39:24,,,,,1,1
28/08/2022,15:39:28,-2.0,0.0,2599.0,1992.0,,
28/08/2022,15:39:28,,,,,1,1
28/08/2022,15:39:32,-2.0,0.0,2599.0,1992.0,,
28/08/2022,15:39:32,,,,,1,1
28/08/2022,15:39:34,-2.0,0.0,2679.0,2154.0,,
28/08/2022,15:39:34,,,,,1,1
28/08/2022,15:39:38,-2.0,0.0,2739.0,2308.0,,
28/08/2022,15:39:38,,,,,1,1
28/08/2022,15:39:40,-2.0,0.0,2692.0,2187.0,,
28/08/2022,15:39:40,,,,,1,1
28/08/2022,15:39:44,-2.0,0.0,2810.0,2452.0,,
28/08/2022,15:39:44,,,,,1,1
28/08/2022,15:39:46,-2.0,0.0,2776.0,2382.0,,
28/08/2022,15:39:46,,,,,1,1
28/08/2022,15:39:50,-2.0,0.0,2794.0,2421.0,,
28/08/2022,15:39:50,,,,,1,1
28/08/2022,15:39:52,-2.0,0.0,2810.0,2421.0,,
28/08/2022,15:39:52,,,,,1,1
28/08/2022,15:39:56,-2.0,0.0,2827.0,2495.0,,
28/08/2022,15:39:56,,,,,1,1
28/08/2022,15:39:58,-2.0,0.0,2827.0,2495.0,,
28/08/2022,15:39:58,,,,,1,1
28/08/2022,15:40:02,-2.0,0.0,2810.0,2452.0,,
28/08/2022,15:40:02,,,,,1,1
28/08/2022,15:40:04,-2.0,0.0,2661.0,2126.0,,
28/08/2022,15:40:04,,,,,1,1
28/08/2022,15:40:08,-2.0,0.0,2614.0,2024.0,,
28/08/2022,15:40:08,,,,,1,1
28/08/2022,15:40:12,-2.0,0.0,2450.0,1673.0,,
28/08/2022,15:40:12,,,,,1,1
28/08/2022,15:40:14,-2.0,0.0,2309.0,1381.0,,
28/08/2022,15:40:14,,,,,1,1
28/08/2022,15:40:18,-2.0,0.0,2359.0,1477.0,,
28/08/2022,15:40:18,,,,,1,1
28/08/2022,15:40:20,-2.0,0.0,2372.0,1506.0,,
28/08/2022,15:40:20,,,,,1,1
28/08/2022,15:40:24,-2.0,0.0,2372.0,1506.0,,
28/08/2022,15:40:24,,,,,1,1
28/08/2022,15:40:26,-2.0,0.0,2584.0,1961.0,,
28/08/2022,15:40:26,,,,,1,1
28/08/2022,15:40:30,-2.0,0.0,2614.0,2024.0,,
28/08/2022,15:40:30,,,,,1,1
28/08/2022,15:40:32,-2.0,0.0,2614.0,1961.0,,
28/08/2022,15:40:32,,,,,1,1
28/08/2022,15:40:36,-2.0,0.0,2645.0,2099.0,,
28/08/2022,15:40:36,,,,,1,1
28/08/2022,15:40:38,-2.0,0.0,2723.0,2274.0,,
28/08/2022,15:40:38,,,,,1,1
28/08/2022,15:40:42,-2.0,0.0,2584.0,1961.0,,
28/08/2022,15:40:42,,,,,1,1
28/08/2022,15:40:44,-2.0,0.0,2584.0,1961.0,,
28/08/2022,15:40:44,,,,,1,1
28/08/2022,15:40:48,-2.0,0.0,2599.0,1992.0,,
28/08/2022,15:40:48,,,,,1,1
28/08/2022,15:40:50,-2.0,0.0,2614.0,2024.0,,
28/08/2022,15:40:50,,,,,1,1
28/08/2022,15:40:54,-2.0,0.0,2347.0,1453.0,,
28/08/2022,15:40:54,,,,,1,1
28/08/2022,15:40:58,-2.0,0.0,2320.0,1400.0,,
28/08/2022,15:40:58,,,,,1,1
28/08/2022,15:41:00,-2.0,0.0,2276.0,1304.0,,
28/08/2022,15:41:00,,,,,1,1
28/08/2022,15:41:04,-2.0,0.0,2320.0,1400.0,,
28/08/2022,15:41:04,,,,,1,1
28/08/2022,15:41:06,-2.0,0.0,2245.0,1234.0,,
28/08/2022,15:41:06,,,,,1,1
28/08/2022,15:41:10,-2.0,0.0,2116.0,957.0,,
28/08/2022,15:41:10,,,,,1,0
28/08/2022,15:41:12,-2.0,0.0,2320.0,1400.0,,
28/08/2022,15:41:12,,,,,1,1
28/08/2022,15:41:16,-2.0,0.0,2395.0,1561.0,,
28/08/2022,15:41:16,,,,,1,1
28/08/2022,15:41:18,-2.0,0.0,2372.0,1506.0,,
28/08/2022,15:41:18,,,,,1,1
28/08/2022,15:41:22,-2.0,0.0,2409.0,1588.0,,
28/08/2022,15:41:22,,,,,1,1
28/08/2022,15:41:24,-2.0,0.0,2287.0,1333.0,,
28/08/2022,15:41:24,,,,,1,1
28/08/2022,15:41:28,-2.0,0.0,2276.0,1304.0,,
28/08/2022,15:41:28,,,,,1,1
28/08/2022,15:41:30,-2.0,0.0,2421.0,1618.0,,
28/08/2022,15:41:30,,,,,1,1
28/08/2022,15:41:34,-2.0,0.0,2359.0,1477.0,,
28/08/2022,15:41:34,,,,,1,1
28/08/2022,15:41:38,-2.0,0.0,2232.0,1207.0,,
28/08/2022,15:41:38,,,,,1,1
28/08/2022,15:41:40,-2.0,0.0,1757.0,400.0,,
28/08/2022,15:41:40,,,,,1,0
28/08/2022,15:41:44,-2.0,0.0,1676.0,314.0,,
28/08/2022,15:41:44,,,,,1,0
28/08/2022,15:41:46,-2.0,0.0,1628.0,271.0,,
28/08/2022,15:41:46,,,,,1,0
28/08/2022,15:41:50,-2.0,0.0,1683.0,322.0,,
28/08/2022,15:41:50,,,,,1,0
28/08/2022,15:41:52,-2.0,0.0,1754.0,395.0,,
28/08/2022,15:41:52,,,,,1,0
28/08/2022,15:41:56,-2.0,0.0,1754.0,395.0,,
28/08/2022,15:41:56,,,,,1,0
28/08/2022,15:41:58,-2.0,0.0,1659.0,297.0,,
28/08/2022,15:41:58,,,,,1,0
28/08/2022,15:42:02,-2.0,0.0,1659.0,297.0,,
28/08/2022,15:42:02,,,,,1,0
28/08/2022,15:42:04,-2.0,0.0,1535.0,196.0,,
28/08/2022,15:42:04,,,,,1,0
28/08/2022,15:42:08,-2.0,0.0,1665.0,304.0,,
28/08/2022,15:42:08,,,,,1,0
28/08/2022,15:42:10,-2.0,0.0,1754.0,395.0,,
28/08/2022,15:42:10,,,,,1,0
28/08/2022,15:42:14,-2.0,0.0,1611.0,256.0,,
28/08/2022,15:42:14,,,,,1,0
28/08/2022,15:42:16,-2.0,0.0,1555.0,209.0,,
28/08/2022,15:42:16,,,,,1,0
28/08/2022,15:42:20,-2.0,0.0,1458.0,161.0,,
28/08/2022,15:42:20,,,,,1,0
28/08/2022,15:42:24,-2.0,0.0,1498.0,170.0,,
28/08/2022,15:42:24,,,,,1,0
28/08/2022,15:42:26,-2.0,0.0,1310.0,138.0,,
28/08/2022,15:42:26,,,,,1,0
28/08/2022,15:42:30,-2.0,0.0,1555.0,209.0,,
28/08/2022,15:42:30,,,,,1,0
28/08/2022,15:42:32,-2.0,0.0,1515.0,181.0,,
28/08/2022,15:42:32,,,,,1,0
28/08/2022,15:42:36,-2.0,0.0,1503.0,174.0,,
28/08/2022,15:42:36,,,,,1,0
28/08/2022,15:42:38,-2.0,0.0,1474.0,163.0,,
28/08/2022,15:42:38,,,,,1,0
28/08/2022,15:42:42,-2.0,0.0,1436.0,157.0,,
28/08/2022,15:42:42,,,,,1,0
28/08/2022,15:42:44,-2.0,0.0,1238.0,127.0,,
28/08/2022,15:42:44,,,,,1,0
28/08/2022,15:42:49,-2.0,0.0,1310.0,138.0,,
28/08/2022,15:42:49,,,,,1,0
28/08/2022,15:42:51,-2.0,0.0,1416.0,154.0,,
28/08/2022,15:42:51,,,,,1,0
28/08/2022,15:42:55,-2.0,0.0,1529.0,191.0,,
28/08/2022,15:42:55,,,,,1,0
28/08/2022,15:42:57,-2.0,0.0,1583.0,231.0,,
28/08/2022,15:42:57,,,,,1,0
28/08/2022,15:43:01,-2.0,0.0,1498.0,170.0,,
28/08/2022,15:43:01,,,,,1,0
28/08/2022,15:43:05,-2.0,0.0,1474.0,163.0,,
28/08/2022,15:43:05,,,,,1,0
28/08/2022,15:43:07,-2.0,0.0,1310.0,138.0,,
28/08/2022,15:43:07,,,,,1,0
28/08/2022,15:43:11,-2.0,0.0,1494.0,168.0,,
28/08/2022,15:43:11,,,,,1,0
28/08/2022,15:43:13,-2.0,0.0,1255.0,130.0,,
28/08/2022,15:43:13,,,,,1,0
28/08/2022,15:43:17,-2.0,0.0,1053.0,99.0,,
28/08/2022,15:43:17,,,,,1,0
28/08/2022,15:43:19,-2.0,0.0,1204.0,122.0,,
28/08/2022,15:43:19,,,,,1,0
28/08/2022,15:43:23,-2.0,0.0,1385.0,150.0,,
28/08/2022,15:43:23,,,,,1,0
28/08/2022,15:43:25,-2.0,0.0,959.0,85.0,,
28/08/2022,15:43:25,,,,,-1,0
28/08/2022,15:43:29,-2.0,0.0,1416.0,154.0,,
28/08/2022,15:43:29,,,,,1,0
28/08/2022,15:43:31,-2.0,0.0,1583.0,231.0,,
28/08/2022,15:43:31,,,,,1,0
28/08/2022,15:43:35,-2.0,0.0,1525.0,188.0,,
28/08/2022,15:43:35,,,,,1,0
28/08/2022,15:43:37,-2.0,0.0,1458.0,161.0,,
28/08/2022,15:43:37,,,,,1,0
28/08/2022,15:43:41,-2.0,0.0,997.0,90.0,,
28/08/2022,15:43:41,,,,,-1,0
28/08/2022,15:43:45,-2.0,0.0,1519.0,184.0,,
28/08/2022,15:43:45,,,,,1,0
28/08/2022,15:43:47,-2.0,0.0,1525.0,188.0,,
28/08/2022,15:43:47,,,,,1,0
28/08/2022,15:43:51,-2.0,0.0,1579.0,228.0,,
28/08/2022,15:43:51,,,,,1,0
28/08/2022,15:43:53,-2.0,0.0,1220.0,124.0,,
28/08/2022,15:43:53,,,,,1,0
28/08/2022,15:43:57,-2.0,0.0,987.0,89.0,,
28/08/2022,15:43:57,,,,,-1,0
28/08/2022,15:43:59,-2.0,0.0,880.0,73.0,,
28/08/2022,15:43:59,,,,,-1,0
28/08/2022,15:44:03,-2.0,0.0,923.0,79.0,,
28/08/2022,15:44:03,,,,,-1,0
28/08/2022,15:44:05,-2.0,0.0,1270.0,132.0,,
28/08/2022,15:44:05,,,,,1,0
28/08/2022,15:44:09,-2.0,0.0,1525.0,188.0,,
28/08/2022,15:44:09,,,,,1,0
28/08/2022,15:44:11,-2.0,0.0,1508.0,177.0,,
28/08/2022,15:44:11,,,,,1,0
28/08/2022,15:44:15,-2.0,0.0,1009.0,92.0,,
28/08/2022,15:44:15,,,,,1,0
28/08/2022,15:44:17,-2.0,0.0,1110.0,108.0,,
28/08/2022,15:44:17,,,,,1,0
28/08/2022,15:44:21,-2.0,0.0,1041.0,97.0,,
28/08/2022,15:44:21,,,,,1,0
28/08/2022,15:44:23,-2.0,0.0,1498.0,170.0,,
28/08/2022,15:44:23,,,,,1,0
28/08/2022,15:44:27,-2.0,0.0,1550.0,207.0,,
28/08/2022,15:44:27,,,,,1,0
28/08/2022,15:44:31,-2.0,0.0,987.0,89.0,,
28/08/2022,15:44:31,,,,,-1,0
28/08/2022,15:44:33,-2.0,0.0,778.0,57.0,,
28/08/2022,15:44:33,,,,,-1,0
28/08/2022,15:44:37,-2.0,0.0,749.0,53.0,,
28/08/2022,15:44:37,,,,,-1,0
28/08/2022,15:44:39,-2.0,0.0,742.0,52.0,,
28/08/2022,15:44:39,,,,,-1,0
28/08/2022,15:44:43,-2.0,0.0,659.0,39.0,,
28/08/2022,15:44:43,,,,,-1,0
28/08/2022,15:44:45,-2.0,0.0,607.0,31.0,,
28/08/2022,15:44:45,,,,,-1,0
28/08/2022,15:44:49,-2.0,0.0,589.0,28.0,,
28/08/2022,15:44:49,,,,,-1,0
28/08/2022,15:44:51,-2.0,0.0,607.0,31.0,,
28/08/2022,15:44:51,,,,,-1,0
28/08/2022,15:44:55,-2.0,0.0,624.0,34.0,,
28/08/2022,15:44:55,,,,,-1,0
28/08/2022,15:44:57,-2.0,0.0,659.0,39.0,,
28/08/2022,15:44:57,,,,,-1,0
28/08/2022,15:45:01,-2.0,0.0,637.0,36.0,,
28/08/2022,15:45:01,,,,,-1,0
28/08/2022,15:45:03,-2.0,0.0,785.0,58.0,,
28/08/2022,15:45:03,,,,,-1,0
28/08/2022,15:45:07,-2.0,0.0,970.0,86.0,,
28/08/2022,15:45:07,,,,,-1,0
28/08/2022,15:45:11,-2.0,0.0,1204.0,122.0,,
28/08/2022,15:45:11,,,,,1,0
28/08/2022,15:45:13,-2.0,0.0,880.0,73.0,,
28/08/2022,15:45:13,,,,,-1,0
28/08/2022,15:45:17,-2.0,0.0,759.0,54.0,,
28/08/2022,15:45:17,,,,,-1,0
28/08/2022,15:45:19,-2.0,0.0,857.0,69.0,,
28/08/2022,15:45:19,,,,,-1,0
28/08/2022,15:45:23,-2.0,0.0,700.0,45.0,,
28/08/2022,15:45:23,,,,,-1,0
28/08/2022,15:45:25,-2.0,0.0,700.0,45.0,,
28/08/2022,15:45:25,,,,,-1,0
28/08/2022,15:45:29,-2.0,0.0,645.0,37.0,,
28/08/2022,15:45:29,,,,,-1,0
28/08/2022,15:45:31,-2.0,0.0,624.0,34.0,,
28/08/2022,15:45:31,,,,,-1,0
28/08/2022,15:45:35,-2.0,0.0,785.0,58.0,,
28/08/2022,15:45:35,,,,,-1,0
28/08/2022,15:45:37,-2.0,0.0,659.0,39.0,,
28/08/2022,15:45:37,,,,,-1,0
28/08/2022,15:45:41,-2.0,0.0,617.0,33.0,,
28/08/2022,15:45:41,,,,,-1,0
28/08/2022,15:45:43,-2.0,0.0,589.0,28.0,,
28/08/2022,15:45:43,,,,,-1,0
28/08/2022,15:45:47,-2.0,0.0,589.0,28.0,,
28/08/2022,15:45:47,,,,,-1,0
28/08/2022,15:45:51,-2.0,0.0,637.0,36.0,,
28/08/2022,15:45:51,,,,,-1,0
28/08/2022,15:45:53,-2.0,0.0,768.0,56.0,,
28/08/2022,15:45:53,,,,,-1,0
28/08/2022,15:45:57,-2.0,0.0,834.0,66.0,,
28/08/2022,15:45:57,,,,,-1,0
28/08/2022,15:45:59,-2.0,0.0,749.0,53.0,,
28/08/2022,15:45:59,,,,,-1,0
28/08/2022,15:46:03,-2.0,0.0,672.0,41.0,,
28/08/2022,15:46:03,,,,,-1,0
28/08/2022,15:46:05,-2.0,0.0,672.0,41.0,,
28/08/2022,15:46:05,,,,,-1,0
28/08/2022,15:46:09,-2.0,0.0,569.0,25.0,,
28/08/2022,15:46:09,,,,,-1,0
28/08/2022,15:46:11,-2.0,0.0,555.0,23.0,,
28/08/2022,15:46:11,,,,,-1,0
28/08/2022,15:46:15,-2.0,0.0,607.0,31.0,,
28/08/2022,15:46:15,,,,,-1,0
28/08/2022,15:46:17,-2.0,0.0,580.0,27.0,,
28/08/2022,15:46:17,,,,,-1,0
28/08/2022,15:46:21,-2.0,0.0,517.0,17.0,,
28/08/2022,15:46:21,,,,,-1,0
28/08/2022,15:46:23,-2.0,0.0,575.0,26.0,,
28/08/2022,15:46:23,,,,,-1,0
28/08/2022,15:46:27,-2.0,0.0,700.0,45.0,,
28/08/2022,15:46:27,,,,,-1,0
28/08/2022,15:46:29,-2.0,0.0,902.0,76.0,,
28/08/2022,15:46:29,,,,,-1,0
28/08/2022,15:46:33,-2.0,0.0,1009.0,92.0,,
28/08/2022,15:46:33,,,,,1,0
28/08/2022,15:46:37,-2.0,0.0,732.0,50.0,,
28/08/2022,15:46:37,,,,,-1,0
28/08/2022,15:46:39,-2.0,0.0,688.0,43.0,,
28/08/2022,15:46:39,,,,,-1,0
28/08/2022,15:46:43,-2.0,0.0,712.0,47.0,,
28/08/2022,15:46:43,,,,,-1,0
28/08/2022,15:46:45,-2.0,0.0,668.0,40.0,,
28/08/2022,15:46:45,,,,,-1,0
28/08/2022,15:46:49,-2.0,0.0,672.0,41.0,,
28/08/2022,15:46:49,,,,,-1,0
28/08/2022,15:46:51,-2.0,0.0,923.0,79.0,,
28/08/2022,15:46:51,,,,,-1,0
28/08/2022,15:46:55,-2.0,0.0,1416.0,154.0,,
28/08/2022,15:46:55,,,,,1,0
28/08/2022,15:46:57,-2.0,0.0,1535.0,196.0,,
28/08/2022,15:46:57,,,,,1,0
28/08/2022,15:47:01,-2.0,0.0,1579.0,228.0,,
28/08/2022,15:47:01,,,,,1,0
28/08/2022,15:47:03,-2.0,0.0,1525.0,188.0,,
28/08/2022,15:47:03,,,,,1,0
28/08/2022,15:47:07,-2.0,0.0,1535.0,196.0,,
28/08/2022,15:47:07,,,,,1,0
28/08/2022,15:47:09,-2.0,0.0,1474.0,163.0,,
28/08/2022,15:47:09,,,,,1,0
28/08/2022,15:47:13,-2.0,0.0,825.0,64.0,,
28/08/2022,15:47:13,,,,,-1,0
28/08/2022,15:47:15,-2.0,0.0,742.0,52.0,,
28/08/2022,15:47:15,,,,,-1,0
28/08/2022,15:47:19,-2.0,0.0,1508.0,177.0,,
28/08/2022,15:47:19,,,,,1,0
28/08/2022,15:47:23,-2.0,0.0,1436.0,157.0,,
28/08/2022,15:47:23,,,,,1,0
28/08/2022,15:47:25,-2.0,0.0,1255.0,130.0,,
28/08/2022,15:47:25,,,,,1,0
28/08/2022,15:47:29,-2.0,0.0,913.0,78.0,,
28/08/2022,15:47:29,,,,,-1,0
28/08/2022,15:47:31,-2.0,0.0,795.0,60.0,,
28/08/2022,15:47:31,,,,,-1,0
28/08/2022,15:47:35,-2.0,0.0,1171.0,117.0,,
28/08/2022,15:47:35,,,,,1,0
28/08/2022,15:47:37,-2.0,0.0,902.0,76.0,,
28/08/2022,15:47:37,,,,,-1,0
28/08/2022,15:47:41,-2.0,0.0,923.0,79.0,,
28/08/2022,15:47:41,,,,,-1,0
28/08/2022,15:47:43,-2.0,0.0,1053.0,99.0,,
28/08/2022,15:47:43,,,,,1,0
28/08/2022,15:48:31,-2.0,0.0,1341.0,143.0,,
28/08/2022,15:48:31,,,,,1,0
28/08/2022,15:48:33,-2.0,0.0,1611.0,256.0,,
28/08/2022,15:48:33,,,,,1,0
